task_name,s_time,e_time,diff_time,seconds
LOAD,2014-11-21 01:30:57.725361,2014-11-21 01:43:06.736538,00:12:09.011177,729.011177
PERF.POWER.RF1,2014-11-21 01:43:10.198378,2014-11-21 01:43:26.350913,00:00:16.152535,16.152535
PERF.POWER.Q14,2014-11-21 01:43:26.371508,2014-11-21 01:43:38.903495,00:00:12.531987,12.531987
PERF.POWER.Q2,2014-11-21 01:43:38.919108,2014-11-21 01:43:45.51772,00:00:06.598612,6.598612
PERF.POWER.Q9,2014-11-21 01:43:45.531931,2014-11-21 01:45:13.573773,00:01:28.041842,88.041842
PERF.POWER.Q20,2014-11-21 01:45:13.592736,2014-11-21 01:45:21.757941,00:00:08.165205,8.165205
PERF.POWER.Q6,2014-11-21 01:45:21.775604,2014-11-21 01:45:38.374078,00:00:16.598474,16.598474
PERF.POWER.Q17,2014-11-21 01:45:38.390859,2014-11-21 01:45:38.869791,00:00:00.478932,0.478932
PERF.POWER.Q18,2014-11-21 01:45:38.888358,2014-11-21 01:46:35.145917,00:00:56.257559,56.257559
PERF.POWER.Q8,2014-11-21 01:46:35.164439,2014-11-21 01:46:44.003587,00:00:08.839148,8.839148
PERF.POWER.Q21,2014-11-21 01:46:44.02208,2014-11-21 01:47:21.151148,00:00:37.129068,37.129068
PERF.POWER.Q13,2014-11-21 01:47:21.168118,2014-11-21 01:47:44.998916,00:00:23.830798,23.830798
PERF.POWER.Q3,2014-11-21 01:47:45.01556,2014-11-21 01:48:10.948432,00:00:25.932872,25.932872
PERF.POWER.Q22,2014-11-21 01:48:10.966228,2014-11-21 01:48:18.436083,00:00:07.469855,7.469855
PERF.POWER.Q16,2014-11-21 01:48:18.45384,2014-11-21 01:48:28.230025,00:00:09.776185,9.776185
PERF.POWER.Q4,2014-11-21 01:48:28.24773,2014-11-21 01:48:37.375024,00:00:09.127294,9.127294
PERF.POWER.Q11,2014-11-21 01:48:37.391254,2014-11-21 01:48:39.458332,00:00:02.067078,2.067078
PERF.POWER.Q15,2014-11-21 01:48:39.475674,2014-11-21 01:48:59.988658,00:00:20.512984,20.512984
PERF.POWER.Q1,2014-11-21 01:49:00.006774,2014-11-21 01:50:26.166968,00:01:26.160194,86.160194
PERF.POWER.Q10,2014-11-21 01:50:26.185146,2014-11-21 01:50:49.394901,00:00:23.209755,23.209755
PERF.POWER.Q19,2014-11-21 01:50:49.413145,2014-11-21 01:50:50.04573,00:00:00.632585,0.632585
PERF.POWER.Q5,2014-11-21 01:50:50.061182,2014-11-21 01:51:03.985453,00:00:13.924271,13.924271
PERF.POWER.Q7,2014-11-21 01:51:04.001899,2014-11-21 01:51:21.378658,00:00:17.376759,17.376759
PERF.POWER.Q12,2014-11-21 01:51:21.394105,2014-11-21 01:51:42.591066,00:00:21.196961,21.196961
PERF.POWER.RF2,2014-11-21 01:51:42.601002,2014-11-21 01:52:15.58748,00:00:32.986478,32.986478
PERF.POWER,2014-11-21 01:43:10.189235,2014-11-21 01:52:15.596809,00:09:05.407574,545.407574
PERF.THRUPUT.QS2.Q8,2014-11-21 01:58:55.151968,2014-11-21 01:59:19.998047,00:00:24.846079,24.846079
PERF.THRUPUT.QS1.Q15,2014-11-21 01:58:52.407214,2014-11-21 01:59:21.440911,00:00:29.033697,29.033697
PERF.THRUPUT.QS8.Q19,2014-11-21 01:54:43.999987,2014-11-21 01:54:45.416474,00:00:01.416487,1.416487
PERF.THRUPUT.QS14.Q2,2014-11-21 01:54:43.968075,2014-11-21 01:54:52.878601,00:00:08.910526,8.910526
PERF.THRUPUT.QS15.Q16,2014-11-21 01:54:44.009601,2014-11-21 01:54:54.317184,00:00:10.307583,10.307583
PERF.THRUPUT.QS3.Q8,2014-11-21 01:54:44.002419,2014-11-21 01:54:59.722448,00:00:15.720029,15.720029
PERF.THRUPUT.RFST1.RF1,2014-11-21 01:54:43.473445,2014-11-21 01:55:03.676535,00:00:20.20309,20.20309
PERF.THRUPUT.QS4.Q5,2014-11-21 01:54:43.972894,2014-11-21 01:55:05.673601,00:00:21.700707,21.700707
PERF.THRUPUT.QS18.Q14,2014-11-21 01:54:44.006754,2014-11-21 01:55:11.358586,00:00:27.351832,27.351832
PERF.THRUPUT.QS2.Q6,2014-11-21 01:54:43.96775,2014-11-21 01:55:11.362087,00:00:27.394337,27.394337
PERF.THRUPUT.QS10.Q6,2014-11-21 01:54:43.992294,2014-11-21 01:55:11.398892,00:00:27.406598,27.406598
PERF.THRUPUT.QS10.Q7,2014-11-21 01:59:02.580874,2014-11-21 01:59:25.284363,00:00:22.703489,22.703489
PERF.THRUPUT.QS6.Q10,2014-11-21 01:54:43.979436,2014-11-21 01:55:11.640892,00:00:27.661456,27.661456
PERF.THRUPUT.QS17.Q3,2014-11-21 01:54:43.9943,2014-11-21 01:55:11.718887,00:00:27.724587,27.724587
PERF.THRUPUT.QS2.Q17,2014-11-21 01:55:11.620386,2014-11-21 01:55:12.6225,00:00:01.002114,1.002114
PERF.THRUPUT.QS18.Q4,2014-11-21 01:55:11.563517,2014-11-21 01:55:20.665307,00:00:09.10179,9.10179
PERF.THRUPUT.QS13.Q21,2014-11-21 01:54:43.989125,2014-11-21 01:55:21.443228,00:00:37.454103,37.454103
PERF.THRUPUT.QS3.Q5,2014-11-21 01:54:59.764576,2014-11-21 01:55:21.460265,00:00:21.695689,21.695689
PERF.THRUPUT.QS1.Q21,2014-11-21 01:54:43.980912,2014-11-21 01:55:21.462185,00:00:37.481273,37.481273
PERF.THRUPUT.QS5.Q21,2014-11-21 01:54:43.988703,2014-11-21 01:55:21.465788,00:00:37.477085,37.477085
PERF.THRUPUT.QS17.Q16,2014-11-21 01:55:11.837028,2014-11-21 01:55:22.595533,00:00:10.758505,10.758505
PERF.THRUPUT.QS13.Q17,2014-11-21 01:55:21.469596,2014-11-21 01:55:23.064463,00:00:01.594867,1.594867
PERF.THRUPUT.QS9.Q8,2014-11-21 01:54:43.964368,2014-11-21 01:55:25.733099,00:00:41.768731,41.768731
PERF.THRUPUT.QS9.Q10,2014-11-21 01:59:06.727227,2014-11-21 01:59:31.795095,00:00:25.067868,25.067868
PERF.THRUPUT.QS3.Q4,2014-11-21 01:55:21.506639,2014-11-21 01:55:30.186909,00:00:08.68027,8.68027
PERF.THRUPUT.QS17.Q5,2014-11-21 01:55:22.614533,2014-11-21 01:55:35.690286,00:00:13.075753,13.075753
PERF.THRUPUT.QS2.Q14,2014-11-21 01:55:12.664772,2014-11-21 01:55:36.391979,00:00:23.727207,23.727207
PERF.THRUPUT.QS17.Q11,2014-11-21 01:55:35.739373,2014-11-21 01:55:39.191577,00:00:03.452204,3.452204
PERF.THRUPUT.QS6.Q3,2014-11-21 01:55:11.733739,2014-11-21 01:55:39.442308,00:00:27.708569,27.708569
PERF.THRUPUT.RFST5.RF2,2014-11-21 01:59:03.092448,2014-11-21 01:59:40.175043,00:00:37.082595,37.082595
PERF.THRUPUT.RFST1.RF2,2014-11-21 01:55:03.720888,2014-11-21 01:55:39.735613,00:00:36.014725,36.014725
PERF.THRUPUT.RFST1,2014-11-21 01:54:43.463425,2014-11-21 01:55:39.748489,00:00:56.285064,56.285064
PERF.THRUPUT.RFST5,2014-11-21 01:58:47.952335,2014-11-21 01:59:40.245538,00:00:52.293203,52.293203
PERF.THRUPUT.QS13.Q7,2014-11-21 01:55:23.091924,2014-11-21 01:55:40.510227,00:00:17.418303,17.418303
PERF.THRUPUT.QS11.Q8,2014-11-21 01:59:29.846186,2014-11-21 01:59:42.13927,00:00:12.293084,12.293084
PERF.THRUPUT.QS11.Q15,2014-11-21 01:54:43.980083,2014-11-21 01:55:41.430482,00:00:57.450399,57.450399
PERF.THRUPUT.QS8.Q12,2014-11-21 01:59:24.18792,2014-11-21 01:59:43.742157,00:00:19.554237,19.554237
PERF.THRUPUT.QS4.Q21,2014-11-21 01:55:05.695419,2014-11-21 01:55:43.096224,00:00:37.400805,37.400805
PERF.THRUPUT.QS2.Q16,2014-11-21 01:55:36.413661,2014-11-21 01:55:45.816158,00:00:09.402497,9.402497
PERF.THRUPUT.QS2.Q19,2014-11-21 01:55:45.842899,2014-11-21 01:55:46.638623,00:00:00.795724,0.795724
PERF.THRUPUT.QS15.Q7,2014-11-21 01:59:26.985354,2014-11-21 01:59:45.594575,00:00:18.609221,18.609221
PERF.THRUPUT.QS18.Q13,2014-11-21 01:55:20.707046,2014-11-21 01:55:47.519159,00:00:26.812113,26.812113
PERF.THRUPUT.QS15.Q9,2014-11-21 01:54:54.380771,2014-11-21 01:56:48.237069,00:01:53.856298,113.856298
PERF.THRUPUT.QS1.Q17,2014-11-21 01:58:19.986979,2014-11-21 01:58:21.101177,00:00:01.114198,1.114198
PERF.THRUPUT.QS5.Q18,2014-11-21 01:57:18.442369,2014-11-21 01:58:28.650507,00:01:10.208138,70.208138
PERF.THRUPUT.QS6.Q16,2014-11-21 02:04:23.172517,2014-11-21 02:04:35.710159,00:00:12.537642,12.537642
PERF.THRUPUT.QS12.Q6,2014-11-21 01:58:26.902362,2014-11-21 01:58:41.779151,00:00:14.876789,14.876789
PERF.THRUPUT.QS1.Q12,2014-11-21 01:58:21.208587,2014-11-21 01:58:42.008409,00:00:20.799822,20.799822
PERF.THRUPUT.RFST4.RF2,2014-11-21 01:58:12.727247,2014-11-21 01:58:47.851061,00:00:35.123814,35.123814
PERF.THRUPUT.QS5.Q11,2014-11-21 01:58:49.773552,2014-11-21 01:58:51.866999,00:00:02.093447,2.093447
PERF.THRUPUT.QS1.Q16,2014-11-21 01:58:42.154331,2014-11-21 01:58:52.34358,00:00:10.189249,10.189249
PERF.THRUPUT.QS12.Q8,2014-11-21 01:58:41.889033,2014-11-21 01:59:05.55503,00:00:23.665997,23.665997
PERF.THRUPUT.QS3.Q22,2014-11-21 01:59:03.144487,2014-11-21 01:59:12.100433,00:00:08.955946,8.955946
PERF.THRUPUT.QS13.Q19,2014-11-21 02:04:34.710668,2014-11-21 02:04:35.837921,00:00:01.127253,1.127253
PERF.THRUPUT.QS10.Q22,2014-11-21 01:59:37.925268,2014-11-21 01:59:46.828671,00:00:08.903403,8.903403
PERF.THRUPUT.QS5.Q3,2014-11-21 01:59:19.079085,2014-11-21 01:59:49.797635,00:00:30.71855,30.71855
PERF.THRUPUT.QS13.ALL,2014-11-21 01:54:43.972221,2014-11-21 02:04:35.857443,00:09:51.885222,591.885222
PERF.THRUPUT.QS4.Q22,2014-11-21 02:04:26.902453,2014-11-21 02:04:39.948985,00:00:13.046532,13.046532
PERF.THRUPUT.QS8.Q20,2014-11-21 02:01:13.289577,2014-11-21 02:01:23.51102,00:00:10.221443,10.221443
PERF.THRUPUT.QS7.Q9,2014-11-21 01:59:05.513604,2014-11-21 02:01:37.902987,00:02:32.389383,152.389383
PERF.THRUPUT.QS14.Q21,2014-11-21 02:01:26.716706,2014-11-21 02:02:08.443707,00:00:41.727001,41.727001
PERF.THRUPUT.QS14.Q12,2014-11-21 02:04:14.458647,2014-11-21 02:04:40.168439,00:00:25.709792,25.709792
PERF.THRUPUT.QS1.ALL,2014-11-21 01:54:43.967027,2014-11-21 02:04:41.41183,00:09:57.444803,597.444803
PERF.THRUPUT.QS12.Q15,2014-11-21 02:04:21.720209,2014-11-21 02:04:47.839347,00:00:26.119138,26.119138
PERF.THRUPUT.QS12.ALL,2014-11-21 01:54:43.976541,2014-11-21 02:04:47.898664,00:10:03.922123,603.922123
PERF.THRUPUT.QS14.Q6,2014-11-21 02:04:40.280277,2014-11-21 02:04:56.37511,00:00:16.094833,16.094833
PERF.THRUPUT.QS17.ALL,2014-11-21 01:54:43.974668,2014-11-21 02:04:56.421248,00:10:12.44658,612.44658
PERF.THRUPUT.QS15.ALL,2014-11-21 01:54:43.996966,2014-11-21 02:05:30.592842,00:10:46.595876,646.595876
PERF.THRUPUT.QS2.ALL,2014-11-21 01:54:43.952236,2014-11-21 02:05:41.285482,00:10:57.333246,657.333246
PERF.THRUPUT.QS6.ALL,2014-11-21 01:54:43.967917,2014-11-21 02:05:41.286775,00:10:57.318858,657.318858
PERF.THRUPUT.QS11.ALL,2014-11-21 01:54:43.965481,2014-11-21 02:05:45.871487,00:11:01.906006,661.906006
PERF.THRUPUT.QS10.ALL,2014-11-21 01:54:43.975587,2014-11-21 02:05:59.528528,00:11:15.552941,675.552941
PERF.THRUPUT,2014-11-21 01:54:43.40449,2014-11-21 02:10:13.360109,00:15:29.955619,929.955619
PERF.THRUPUT.QS7.Q18,2014-11-21 01:54:43.99218,2014-11-21 01:55:52.26316,00:01:08.27098,68.27098
PERF.THRUPUT.QS9.Q13,2014-11-21 01:55:25.753299,2014-11-21 01:55:52.471313,00:00:26.718014,26.718014
PERF.THRUPUT.RFST2.RF1,2014-11-21 01:55:39.800255,2014-11-21 01:55:56.426413,00:00:16.626158,16.626158
PERF.THRUPUT.QS1.Q3,2014-11-21 01:55:21.52621,2014-11-21 01:55:59.312697,00:00:37.786487,37.786487
PERF.THRUPUT.QS9.Q2,2014-11-21 01:55:52.519274,2014-11-21 01:56:01.555928,00:00:09.036654,9.036654
PERF.THRUPUT.QS11.Q14,2014-11-21 01:55:41.464546,2014-11-21 01:56:02.565172,00:00:21.100626,21.100626
PERF.THRUPUT.QS4.Q14,2014-11-21 01:55:43.114838,2014-11-21 01:56:02.631656,00:00:19.516818,19.516818
PERF.THRUPUT.QS3.Q6,2014-11-21 01:55:30.21218,2014-11-21 01:56:02.677549,00:00:32.465369,32.465369
PERF.THRUPUT.QS5.Q15,2014-11-21 01:55:21.53743,2014-11-21 01:56:02.767371,00:00:41.229941,41.229941
PERF.THRUPUT.QS10.Q15,2014-11-21 01:55:11.635804,2014-11-21 01:56:02.830188,00:00:51.194384,51.194384
PERF.THRUPUT.QS4.Q19,2014-11-21 01:56:02.686355,2014-11-21 01:56:03.646094,00:00:00.959739,0.959739
PERF.THRUPUT.QS3.Q17,2014-11-21 01:56:02.815886,2014-11-21 01:56:04.200843,00:00:01.384957,1.384957
PERF.THRUPUT.QS7.Q8,2014-11-21 01:55:52.32657,2014-11-21 01:56:05.17894,00:00:12.85237,12.85237
PERF.THRUPUT.QS18.Q5,2014-11-21 01:55:47.626557,2014-11-21 01:56:05.635781,00:00:18.009224,18.009224
PERF.THRUPUT.QS16.Q1,2014-11-21 01:54:44.012254,2014-11-21 01:56:11.902139,00:01:27.889885,87.889885
PERF.THRUPUT.QS12.Q1,2014-11-21 01:54:43.996251,2014-11-21 01:56:12.267212,00:01:28.270961,88.270961
PERF.THRUPUT.QS8.Q1,2014-11-21 01:54:45.433825,2014-11-21 01:56:12.535731,00:01:27.101906,87.101906
PERF.THRUPUT.QS9.Q20,2014-11-21 01:56:01.582559,2014-11-21 01:56:13.148388,00:00:11.565829,11.565829
PERF.THRUPUT.QS2.Q10,2014-11-21 01:55:46.660779,2014-11-21 01:56:13.470816,00:00:26.810037,26.810037
PERF.THRUPUT.QS13.Q3,2014-11-21 01:55:40.572081,2014-11-21 01:56:13.612349,00:00:33.040268,33.040268
PERF.THRUPUT.QS5.Q1,2014-11-21 01:59:49.896794,2014-11-21 02:01:20.962799,00:01:31.066005,91.066005
PERF.THRUPUT.QS9.Q17,2014-11-21 01:56:13.169923,2014-11-21 01:56:14.073451,00:00:00.903528,0.903528
PERF.THRUPUT.QS7.Q20,2014-11-21 01:56:05.300176,2014-11-21 01:56:16.259548,00:00:10.959372,10.959372
PERF.THRUPUT.QS17.Q21,2014-11-21 01:55:39.236067,2014-11-21 01:56:18.378891,00:00:39.142824,39.142824
PERF.THRUPUT.QS5.Q4,2014-11-21 01:56:02.87806,2014-11-21 01:56:21.549448,00:00:18.671388,18.671388
PERF.THRUPUT.QS6.Q15,2014-11-21 01:55:39.478263,2014-11-21 01:56:22.911117,00:00:43.432854,43.432854
PERF.THRUPUT.QS3.Q7,2014-11-21 01:56:04.267873,2014-11-21 01:56:24.892985,00:00:20.625112,20.625112
PERF.THRUPUT.QS12.Q7,2014-11-21 01:56:12.282199,2014-11-21 01:56:33.415537,00:00:21.133338,21.133338
PERF.THRUPUT.RFST2.RF2,2014-11-21 01:55:56.441469,2014-11-21 01:56:33.713118,00:00:37.271649,37.271649
PERF.THRUPUT.RFST2,2014-11-21 01:55:39.780209,2014-11-21 01:56:33.762143,00:00:53.981934,53.981934
PERF.THRUPUT.QS4.Q15,2014-11-21 01:56:03.756308,2014-11-21 01:56:42.716663,00:00:38.960355,38.960355
PERF.THRUPUT.QS16.Q3,2014-11-21 01:56:11.940352,2014-11-21 01:56:43.124964,00:00:31.184612,31.184612
PERF.THRUPUT.QS9.Q3,2014-11-21 01:56:14.098835,2014-11-21 01:56:44.014096,00:00:29.915261,29.915261
PERF.THRUPUT.QS4.Q17,2014-11-21 01:56:42.850582,2014-11-21 01:56:44.267122,00:00:01.41654,1.41654
PERF.THRUPUT.QS12.Q16,2014-11-21 01:56:33.502052,2014-11-21 01:56:44.43705,00:00:10.934998,10.934998
PERF.THRUPUT.QS12.Q17,2014-11-21 01:56:44.580544,2014-11-21 01:56:46.043104,00:00:01.46256,1.46256
PERF.THRUPUT.QS5.Q2,2014-11-21 02:01:21.024717,2014-11-21 02:01:28.664414,00:00:07.639697,7.639697
PERF.THRUPUT.QS18.Q21,2014-11-21 01:56:05.672089,2014-11-21 01:56:46.866033,00:00:41.193944,41.193944
PERF.THRUPUT.QS14.Q9,2014-11-21 01:54:52.911495,2014-11-21 01:56:48.093402,00:01:55.181907,115.181907
PERF.THRUPUT.QS5.Q6,2014-11-21 01:56:21.657614,2014-11-21 01:56:48.347328,00:00:26.689714,26.689714
PERF.THRUPUT.QS8.Q15,2014-11-21 01:56:12.59793,2014-11-21 01:56:48.390566,00:00:35.792636,35.792636
PERF.THRUPUT.QS15.Q17,2014-11-21 01:56:48.346095,2014-11-21 01:56:49.940883,00:00:01.594788,1.594788
PERF.THRUPUT.QS8.Q17,2014-11-21 01:56:48.552683,2014-11-21 01:56:50.255116,00:00:01.702433,1.702433
PERF.THRUPUT.RFST3.RF1,2014-11-21 01:56:33.848041,2014-11-21 01:56:51.066864,00:00:17.218823,17.218823
PERF.THRUPUT.QS6.Q13,2014-11-21 01:56:22.990084,2014-11-21 01:56:51.18724,00:00:28.197156,28.197156
PERF.THRUPUT.QS18.Q11,2014-11-21 01:56:46.998474,2014-11-21 01:56:52.349841,00:00:05.351367,5.351367
PERF.THRUPUT.QS7.Q21,2014-11-21 01:56:16.368171,2014-11-21 01:56:58.864007,00:00:42.495836,42.495836
PERF.THRUPUT.QS1.Q18,2014-11-21 01:55:59.347704,2014-11-21 01:57:05.076946,00:01:05.729242,65.729242
PERF.THRUPUT.QS8.Q16,2014-11-21 02:01:23.545292,2014-11-21 02:01:32.798208,00:00:09.252916,9.252916
PERF.THRUPUT.QS18.Q8,2014-11-21 01:56:52.403368,2014-11-21 01:57:05.315659,00:00:12.912291,12.912291
PERF.THRUPUT.QS14.Q5,2014-11-21 01:56:48.236177,2014-11-21 01:57:05.974903,00:00:17.738726,17.738726
PERF.THRUPUT.QS16.Q6,2014-11-21 01:56:43.25687,2014-11-21 01:57:05.983943,00:00:22.727073,22.727073
PERF.THRUPUT.QS9.Q6,2014-11-21 01:56:44.180132,2014-11-21 01:57:05.990089,00:00:21.809957,21.809957
PERF.THRUPUT.QS8.Q5,2014-11-21 01:56:50.301694,2014-11-21 01:57:06.022151,00:00:15.720457,15.720457
PERF.THRUPUT.RFST8.RF1,2014-11-21 02:01:28.957137,2014-11-21 02:01:43.579337,00:00:14.6222,14.6222
PERF.THRUPUT.QS12.Q5,2014-11-21 02:01:28.892272,2014-11-21 02:01:46.903202,00:00:18.01093,18.01093
PERF.THRUPUT.QS5.Q7,2014-11-21 01:56:48.423367,2014-11-21 01:57:07.613365,00:00:19.189998,19.189998
PERF.THRUPUT.QS7.Q2,2014-11-21 01:56:58.888406,2014-11-21 01:57:08.345082,00:00:09.456676,9.456676
PERF.THRUPUT.QS11.Q18,2014-11-21 01:56:02.623493,2014-11-21 01:57:10.915296,00:01:08.291803,68.291803
PERF.THRUPUT.QS10.Q18,2014-11-21 01:56:02.947285,2014-11-21 01:57:11.276074,00:01:08.328789,68.328789
PERF.THRUPUT.QS11.Q17,2014-11-21 01:57:10.963132,2014-11-21 01:57:11.874249,00:00:00.911117,0.911117
PERF.THRUPUT.QS3.Q10,2014-11-21 02:01:21.214401,2014-11-21 02:01:49.184165,00:00:27.969764,27.969764
PERF.THRUPUT.QS10.Q17,2014-11-21 01:57:11.307275,2014-11-21 01:57:12.18432,00:00:00.877045,0.877045
PERF.THRUPUT.QS15.Q8,2014-11-21 01:56:50.024163,2014-11-21 01:57:12.513817,00:00:22.489654,22.489654
PERF.THRUPUT.QS4.Q12,2014-11-21 01:56:44.366034,2014-11-21 01:57:14.63859,00:00:30.272556,30.272556
PERF.THRUPUT.QS5.Q16,2014-11-21 01:57:07.657174,2014-11-21 01:57:17.391226,00:00:09.734052,9.734052
PERF.THRUPUT.QS8.Q8,2014-11-21 01:57:06.138841,2014-11-21 01:57:17.580538,00:00:11.441697,11.441697
PERF.THRUPUT.QS5.Q19,2014-11-21 01:57:17.422468,2014-11-21 01:57:18.390954,00:00:00.968486,0.968486
PERF.THRUPUT.QS12.Q20,2014-11-21 02:01:47.006252,2014-11-21 02:01:57.775438,00:00:10.769186,10.769186
PERF.THRUPUT.QS15.Q14,2014-11-21 01:57:12.540795,2014-11-21 01:57:21.859077,00:00:09.318282,9.318282
PERF.THRUPUT.QS17.Q9,2014-11-21 01:56:18.450795,2014-11-21 01:58:47.226597,00:02:28.775802,148.775802
PERF.THRUPUT.QS8.Q9,2014-11-21 01:57:17.635039,2014-11-21 01:59:24.102131,00:02:06.467092,126.467092
PERF.THRUPUT.QS10.Q2,2014-11-21 01:59:25.354207,2014-11-21 01:59:37.8468,00:00:12.492593,12.492593
PERF.THRUPUT.QS17.Q10,2014-11-21 01:59:22.159411,2014-11-21 01:59:44.268759,00:00:22.109348,22.109348
PERF.THRUPUT.QS1.Q13,2014-11-21 01:59:21.473927,2014-11-21 01:59:49.805811,00:00:28.331884,28.331884
PERF.THRUPUT.QS4.Q9,2014-11-21 01:57:43.072954,2014-11-21 01:59:50.3985,00:02:07.325546,127.325546
PERF.THRUPUT.QS18.Q1,2014-11-21 01:58:20.516163,2014-11-21 01:59:52.772333,00:01:32.25617,92.25617
PERF.THRUPUT.QS2.Q5,2014-11-21 01:59:20.106322,2014-11-21 01:59:52.959799,00:00:32.853477,32.853477
PERF.THRUPUT.QS18.Q19,2014-11-21 01:59:52.833305,2014-11-21 01:59:53.80669,00:00:00.973385,0.973385
PERF.THRUPUT.QS11.Q4,2014-11-21 01:59:42.231627,2014-11-21 01:59:56.77881,00:00:14.547183,14.547183
PERF.THRUPUT.QS2.Q22,2014-11-21 01:59:53.054322,2014-11-21 02:00:03.440772,00:00:10.38645,10.38645
PERF.THRUPUT.QS4.Q8,2014-11-21 01:59:50.529165,2014-11-21 02:00:03.651447,00:00:13.122282,13.122282
PERF.THRUPUT.QS10.Q13,2014-11-21 01:59:46.901313,2014-11-21 02:00:15.743133,00:00:28.84182,28.84182
PERF.THRUPUT.QS18.Q10,2014-11-21 01:59:53.910817,2014-11-21 02:00:16.510934,00:00:22.600117,22.600117
PERF.THRUPUT.QS1.Q10,2014-11-21 01:59:49.870973,2014-11-21 02:00:16.552414,00:00:26.681441,26.681441
PERF.THRUPUT.RFST6,2014-11-21 01:59:40.270526,2014-11-21 02:00:33.01953,00:00:52.749004,52.749004
PERF.THRUPUT.QS17.Q18,2014-11-21 01:59:44.393037,2014-11-21 02:00:47.842964,00:01:03.449927,63.449927
PERF.THRUPUT.QS4.Q18,2014-11-21 02:00:47.31575,2014-11-21 02:02:02.870487,00:01:15.554737,75.554737
PERF.THRUPUT.QS13.Q14,2014-11-21 02:01:46.915857,2014-11-21 02:02:03.088461,00:00:16.172604,16.172604
PERF.THRUPUT.QS17.Q13,2014-11-21 02:01:35.293844,2014-11-21 02:02:03.148135,00:00:27.854291,27.854291
PERF.THRUPUT.QS16.Q12,2014-11-21 02:01:49.472096,2014-11-21 02:02:12.010757,00:00:22.538661,22.538661
PERF.THRUPUT.QS7.Q3,2014-11-21 02:01:39.078382,2014-11-21 02:02:16.699839,00:00:37.621457,37.621457
PERF.THRUPUT.QS3.Q15,2014-11-21 02:01:49.301914,2014-11-21 02:02:17.005469,00:00:27.703555,27.703555
PERF.THRUPUT.QS5.Q20,2014-11-21 02:02:00.19284,2014-11-21 02:02:20.406296,00:00:20.213456,20.213456
PERF.THRUPUT.QS6.Q12,2014-11-21 02:02:03.260462,2014-11-21 02:02:28.987934,00:00:25.727472,25.727472
PERF.THRUPUT.QS18.Q12,2014-11-21 02:02:17.358825,2014-11-21 02:02:45.477167,00:00:28.118342,28.118342
PERF.THRUPUT.QS9.Q12,2014-11-21 02:02:22.570253,2014-11-21 02:02:45.562408,00:00:22.992155,22.992155
PERF.THRUPUT.QS13.Q13,2014-11-21 02:02:24.137711,2014-11-21 02:02:58.030725,00:00:33.893014,33.893014
PERF.THRUPUT.QS8.Q13,2014-11-21 02:02:29.634869,2014-11-21 02:02:59.525222,00:00:29.890353,29.890353
PERF.THRUPUT.QS16.Q18,2014-11-21 02:02:12.906802,2014-11-21 02:03:38.515145,00:01:25.608343,85.608343
PERF.THRUPUT.QS17.Q1,2014-11-21 02:02:03.162761,2014-11-21 02:03:39.447196,00:01:36.284435,96.284435
PERF.THRUPUT.QS10.Q9,2014-11-21 02:01:52.07143,2014-11-21 02:04:31.363396,00:02:39.291966,159.291966
PERF.THRUPUT.QS14.Q4,2014-11-21 01:57:06.09033,2014-11-21 01:57:21.94916,00:00:15.85883,15.85883
PERF.THRUPUT.QS7.Q4,2014-11-21 01:57:08.385501,2014-11-21 01:57:21.954564,00:00:13.569063,13.569063
PERF.THRUPUT.QS18.Q6,2014-11-21 01:57:05.330958,2014-11-21 01:57:21.960872,00:00:16.629914,16.629914
PERF.THRUPUT.QS16.Q5,2014-11-21 01:57:06.038618,2014-11-21 01:57:22.006145,00:00:15.967527,15.967527
PERF.THRUPUT.QS6.Q6,2014-11-21 01:56:51.214951,2014-11-21 01:57:22.018823,00:00:30.803872,30.803872
PERF.THRUPUT.QS1.Q5,2014-11-21 01:57:05.098713,2014-11-21 01:57:22.051489,00:00:16.952776,16.952776
PERF.THRUPUT.QS1.Q11,2014-11-21 01:57:22.084219,2014-11-21 01:57:25.099517,00:00:03.015298,3.015298
PERF.THRUPUT.QS15.Q11,2014-11-21 01:57:21.990964,2014-11-21 01:57:26.316211,00:00:04.325247,4.325247
PERF.THRUPUT.QS16.Q2,2014-11-21 01:57:22.074684,2014-11-21 01:57:29.146881,00:00:07.072197,7.072197
PERF.THRUPUT.QS7.Q22,2014-11-21 01:57:22.014967,2014-11-21 01:57:30.778157,00:00:08.76319,8.76319
PERF.THRUPUT.QS7.Q17,2014-11-21 01:57:30.806202,2014-11-21 01:57:31.810181,00:00:01.003979,1.003979
PERF.THRUPUT.QS4.Q6,2014-11-21 01:57:14.673809,2014-11-21 01:57:32.517813,00:00:17.844004,17.844004
PERF.THRUPUT.QS10.Q12,2014-11-21 01:57:12.200859,2014-11-21 01:57:32.611186,00:00:20.410327,20.410327
PERF.THRUPUT.QS11.Q10,2014-11-21 01:57:11.892539,2014-11-21 01:57:33.58783,00:00:21.695291,21.695291
PERF.THRUPUT.QS6.Q8,2014-11-21 01:57:22.071245,2014-11-21 01:57:34.831048,00:00:12.759803,12.759803
PERF.THRUPUT.QS13.Q1,2014-11-21 01:56:13.673584,2014-11-21 01:57:42.197413,00:01:28.523829,88.523829
PERF.THRUPUT.QS4.Q4,2014-11-21 01:57:32.671215,2014-11-21 01:57:43.010895,00:00:10.33968,10.33968
PERF.THRUPUT.QS11.Q20,2014-11-21 01:57:33.612026,2014-11-21 01:57:44.044418,00:00:10.432392,10.432392
PERF.THRUPUT.QS1.Q7,2014-11-21 01:57:25.121667,2014-11-21 01:57:44.652606,00:00:19.530939,19.530939
PERF.THRUPUT.QS16.Q16,2014-11-21 01:57:29.17692,2014-11-21 01:57:49.028785,00:00:19.851865,19.851865
PERF.THRUPUT.QS15.Q10,2014-11-21 01:57:26.34804,2014-11-21 01:57:49.338125,00:00:22.990085,22.990085
PERF.THRUPUT.QS9.Q21,2014-11-21 01:57:06.056218,2014-11-21 01:57:51.064665,00:00:45.008447,45.008447
PERF.THRUPUT.QS18.Q3,2014-11-21 01:57:22.064247,2014-11-21 01:57:52.57917,00:00:30.514923,30.514923
PERF.THRUPUT.QS12.Q18,2014-11-21 01:56:46.186588,2014-11-21 01:57:52.90384,00:01:06.717252,66.717252
PERF.THRUPUT.RFST3.RF2,2014-11-21 01:56:51.117794,2014-11-21 01:57:53.503243,00:01:02.385449,62.385449
PERF.THRUPUT.RFST3,2014-11-21 01:56:33.823175,2014-11-21 01:57:53.550023,00:01:19.726848,79.726848
PERF.THRUPUT.QS3.Q1,2014-11-21 01:56:24.997794,2014-11-21 01:57:53.762188,00:01:28.764394,88.764394
PERF.THRUPUT.QS18.Q17,2014-11-21 01:57:52.658057,2014-11-21 01:57:53.782286,00:00:01.124229,1.124229
PERF.THRUPUT.QS11.Q16,2014-11-21 01:57:44.168918,2014-11-21 01:57:54.750756,00:00:10.581838,10.581838
PERF.THRUPUT.QS16.Q14,2014-11-21 01:57:49.059991,2014-11-21 01:57:57.269035,00:00:08.209044,8.209044
PERF.THRUPUT.QS11.Q11,2014-11-21 01:57:54.894102,2014-11-21 01:57:57.823904,00:00:02.929802,2.929802
PERF.THRUPUT.QS18.Q2,2014-11-21 01:57:53.822482,2014-11-21 01:58:02.213153,00:00:08.390671,8.390671
PERF.THRUPUT.QS12.Q22,2014-11-21 01:57:52.976705,2014-11-21 01:58:03.407084,00:00:10.430379,10.430379
PERF.THRUPUT.QS1.Q6,2014-11-21 01:57:44.768109,2014-11-21 01:58:04.232785,00:00:19.464676,19.464676
PERF.THRUPUT.QS13.Q10,2014-11-21 01:57:42.267437,2014-11-21 01:58:05.10553,00:00:22.838093,22.838093
PERF.THRUPUT.QS16.Q22,2014-11-21 01:57:57.32169,2014-11-21 01:58:10.376243,00:00:13.054553,13.054553
PERF.THRUPUT.QS2.Q9,2014-11-21 01:56:13.540286,2014-11-21 01:58:11.704671,00:01:58.164385,118.164385
PERF.THRUPUT.QS16.Q17,2014-11-21 01:58:10.421127,2014-11-21 01:58:12.400159,00:00:01.979032,1.979032
PERF.THRUPUT.RFST4.RF1,2014-11-21 01:57:53.662065,2014-11-21 01:58:12.615219,00:00:18.953154,18.953154
PERF.THRUPUT.QS15.Q12,2014-11-21 01:57:49.451233,2014-11-21 01:58:19.521158,00:00:30.069925,30.069925
PERF.THRUPUT.QS1.Q20,2014-11-21 01:58:04.37743,2014-11-21 01:58:19.84307,00:00:15.46564,15.46564
PERF.THRUPUT.QS18.Q20,2014-11-21 01:58:02.358699,2014-11-21 01:58:20.408824,00:00:18.050125,18.050125
PERF.THRUPUT.QS3.Q12,2014-11-21 02:04:17.211343,2014-11-21 02:04:41.941269,00:00:24.729926,24.729926
PERF.THRUPUT.QS16.Q20,2014-11-21 01:58:12.510102,2014-11-21 01:58:24.359914,00:00:11.849812,11.849812
PERF.THRUPUT.QS2.Q2,2014-11-21 01:58:11.736133,2014-11-21 01:58:26.374349,00:00:14.638216,14.638216
PERF.THRUPUT.QS12.Q12,2014-11-21 01:58:03.586957,2014-11-21 01:58:26.795137,00:00:23.20818,23.20818
PERF.THRUPUT.QS13.Q12,2014-11-21 01:58:05.220704,2014-11-21 01:58:26.806375,00:00:21.585671,21.585671
PERF.THRUPUT.QS14.Q18,2014-11-21 01:57:22.058042,2014-11-21 01:58:29.250687,00:01:07.192645,67.192645
PERF.THRUPUT.QS16.Q4,2014-11-21 01:58:24.491119,2014-11-21 01:58:36.356166,00:00:11.865047,11.865047
PERF.THRUPUT.QS13.Q22,2014-11-21 01:58:26.926366,2014-11-21 01:58:37.019423,00:00:10.093057,10.093057
PERF.THRUPUT.QS5.Q14,2014-11-21 01:58:28.813383,2014-11-21 01:58:40.195096,00:00:11.381713,11.381713
PERF.THRUPUT.QS15.Q6,2014-11-21 01:58:19.592894,2014-11-21 01:58:41.78319,00:00:22.190296,22.190296
PERF.THRUPUT.RFST4,2014-11-21 01:57:53.598368,2014-11-21 01:58:47.885863,00:00:54.287495,54.287495
PERF.THRUPUT.QS5.Q22,2014-11-21 01:58:40.339072,2014-11-21 01:58:49.658592,00:00:09.31952,9.31952
PERF.THRUPUT.QS2.Q15,2014-11-21 01:58:26.469348,2014-11-21 01:58:55.081248,00:00:28.6119,28.6119
PERF.THRUPUT.QS17.Q2,2014-11-21 01:58:47.337618,2014-11-21 01:58:55.085277,00:00:07.747659,7.747659
PERF.THRUPUT.QS9.Q18,2014-11-21 01:57:51.184534,2014-11-21 01:58:59.644232,00:01:08.459698,68.459698
PERF.THRUPUT.QS7.Q1,2014-11-21 01:57:31.951025,2014-11-21 01:59:02.397036,00:01:30.446011,90.446011
PERF.THRUPUT.QS10.Q1,2014-11-21 01:57:32.742573,2014-11-21 01:59:02.480798,00:01:29.738225,89.738225
PERF.THRUPUT.RFST5.RF1,2014-11-21 01:58:47.972169,2014-11-21 01:59:03.031344,00:00:15.059175,15.059175
PERF.THRUPUT.QS3.Q18,2014-11-21 01:57:53.826787,2014-11-21 01:59:03.070054,00:01:09.243267,69.243267
PERF.THRUPUT.QS9.Q11,2014-11-21 01:58:59.683817,2014-11-21 01:59:05.068309,00:00:05.384492,5.384492
PERF.THRUPUT.QS7.Q11,2014-11-21 01:59:02.442422,2014-11-21 01:59:05.430298,00:00:02.987876,2.987876
PERF.THRUPUT.QS9.Q19,2014-11-21 01:59:05.460947,2014-11-21 01:59:06.684076,00:00:01.223129,1.223129
PERF.THRUPUT.QS5.Q13,2014-11-21 01:58:51.889819,2014-11-21 01:59:18.971927,00:00:27.082108,27.082108
PERF.THRUPUT.QS3.Q14,2014-11-21 01:59:12.166908,2014-11-21 01:59:20.579816,00:00:08.412908,8.412908
PERF.THRUPUT.QS17.Q15,2014-11-21 01:58:55.147179,2014-11-21 01:59:22.075684,00:00:26.928505,26.928505
PERF.THRUPUT.QS15.Q21,2014-11-21 01:58:41.901331,2014-11-21 01:59:26.845087,00:00:44.943756,44.943756
PERF.THRUPUT.QS11.Q1,2014-11-21 01:57:57.931769,2014-11-21 01:59:29.789212,00:01:31.857443,91.857443
PERF.THRUPUT.QS6.Q9,2014-11-21 01:57:34.902997,2014-11-21 01:59:56.031765,00:02:21.128768,141.128768
PERF.THRUPUT.QS16.Q9,2014-11-21 01:58:36.43163,2014-11-21 02:00:39.39124,00:02:02.95961,122.95961
PERF.THRUPUT.QS12.Q9,2014-11-21 01:59:05.671104,2014-11-21 02:01:04.080621,00:01:58.409517,118.409517
PERF.THRUPUT.QS3.Q9,2014-11-21 01:59:20.713374,2014-11-21 02:01:21.115449,00:02:00.402075,120.402075
PERF.THRUPUT.QS17.Q19,2014-11-21 02:01:22.130477,2014-11-21 02:01:22.991728,00:00:00.861251,0.861251
PERF.THRUPUT.QS13.Q4,2014-11-21 02:01:15.159705,2014-11-21 02:01:28.68642,00:00:13.526715,13.526715
PERF.THRUPUT.QS13.Q5,2014-11-21 02:01:28.887701,2014-11-21 02:01:46.873048,00:00:17.985347,17.985347
PERF.THRUPUT.QS16.Q8,2014-11-21 02:01:36.474261,2014-11-21 02:01:49.341881,00:00:12.86762,12.86762
PERF.THRUPUT.QS15.Q20,2014-11-21 02:01:39.152016,2014-11-21 02:01:51.670247,00:00:12.518231,12.518231
PERF.THRUPUT.QS5.Q8,2014-11-21 02:01:47.010696,2014-11-21 02:02:00.118208,00:00:13.107512,13.107512
PERF.THRUPUT.QS8.Q6,2014-11-21 02:01:32.891534,2014-11-21 02:02:00.373303,00:00:27.481769,27.481769
PERF.THRUPUT.QS6.Q18,2014-11-21 02:00:49.614575,2014-11-21 02:02:03.244486,00:01:13.629911,73.629911
PERF.THRUPUT.QS8.Q22,2014-11-21 02:02:00.422101,2014-11-21 02:02:09.960905,00:00:09.538804,9.538804
PERF.THRUPUT.QS16.Q19,2014-11-21 02:02:12.048371,2014-11-21 02:02:12.880189,00:00:00.831818,0.831818
PERF.THRUPUT.QS13.Q8,2014-11-21 02:02:03.102891,2014-11-21 02:02:13.701071,00:00:10.59818,10.59818
PERF.THRUPUT.RFST8,2014-11-21 02:01:28.9168,2014-11-21 02:02:20.608923,00:00:51.692123,51.692123
PERF.THRUPUT.QS9.Q7,2014-11-21 02:01:53.058278,2014-11-21 02:02:22.427223,00:00:29.368945,29.368945
PERF.THRUPUT.QS3.Q11,2014-11-21 02:02:17.090694,2014-11-21 02:02:23.086203,00:00:05.995509,5.995509
PERF.THRUPUT.QS13.Q20,2014-11-21 02:02:13.721959,2014-11-21 02:02:24.01109,00:00:10.289131,10.289131
PERF.THRUPUT.QS8.Q10,2014-11-21 02:02:10.006449,2014-11-21 02:02:29.430577,00:00:19.424128,19.424128
PERF.THRUPUT.QS2.Q18,2014-11-21 02:01:13.295637,2014-11-21 02:02:32.033933,00:01:18.738296,78.738296
PERF.THRUPUT.QS3.Q20,2014-11-21 02:02:23.228164,2014-11-21 02:02:35.502113,00:00:12.273949,12.273949
PERF.THRUPUT.QS14.Q13,2014-11-21 02:02:08.479228,2014-11-21 02:02:35.698692,00:00:27.219464,27.219464
PERF.THRUPUT.RFST9.RF1,2014-11-21 02:02:20.706784,2014-11-21 02:02:37.83394,00:00:17.127156,17.127156
PERF.THRUPUT.QS4.Q1,2014-11-21 02:02:02.934465,2014-11-21 02:03:36.668477,00:01:33.734012,93.734012
PERF.THRUPUT.QS6.Q1,2014-11-21 02:02:29.062297,2014-11-21 02:04:03.091239,00:01:34.028942,94.028942
PERF.THRUPUT.QS2.Q1,2014-11-21 02:02:32.107846,2014-11-21 02:04:04.878142,00:01:32.770296,92.770296
PERF.THRUPUT.QS8.Q14,2014-11-21 01:59:43.830825,2014-11-21 01:59:55.734249,00:00:11.903424,11.903424
PERF.THRUPUT.QS9.Q15,2014-11-21 01:59:31.854908,2014-11-21 01:59:55.798335,00:00:23.943427,23.943427
PERF.THRUPUT.RFST6.RF1,2014-11-21 01:59:40.27708,2014-11-21 01:59:56.715867,00:00:16.438787,16.438787
PERF.THRUPUT.QS11.Q22,2014-11-21 01:59:56.881394,2014-11-21 02:00:05.163923,00:00:08.282529,8.282529
PERF.THRUPUT.QS14.Q1,2014-11-21 01:58:29.346803,2014-11-21 02:00:09.665831,00:01:40.319028,100.319028
PERF.THRUPUT.QS9.Q4,2014-11-21 01:59:55.891955,2014-11-21 02:00:12.883298,00:00:16.991343,16.991343
PERF.THRUPUT.QS4.Q16,2014-11-21 02:00:03.737393,2014-11-21 02:00:14.861536,00:00:11.124143,11.124143
PERF.THRUPUT.QS15.Q3,2014-11-21 01:59:45.680158,2014-11-21 02:00:15.963845,00:00:30.283687,30.283687
PERF.THRUPUT.QS8.Q7,2014-11-21 01:59:55.841912,2014-11-21 02:00:17.513272,00:00:21.67136,21.67136
PERF.THRUPUT.QS6.Q7,2014-11-21 01:59:56.117961,2014-11-21 02:00:17.654701,00:00:21.53674,21.53674
PERF.THRUPUT.QS4.Q11,2014-11-21 02:00:14.906697,2014-11-21 02:00:18.883973,00:00:03.977276,3.977276
PERF.THRUPUT.QS14.Q20,2014-11-21 02:00:09.772399,2014-11-21 02:00:20.36292,00:00:10.590521,10.590521
PERF.THRUPUT.QS1.Q2,2014-11-21 02:00:16.661582,2014-11-21 02:00:23.515571,00:00:06.853989,6.853989
PERF.THRUPUT.QS9.Q22,2014-11-21 02:00:12.957818,2014-11-21 02:00:24.585585,00:00:11.627767,11.627767
PERF.THRUPUT.QS11.Q5,2014-11-21 02:00:05.432315,2014-11-21 02:00:24.660686,00:00:19.228371,19.228371
PERF.THRUPUT.QS2.Q12,2014-11-21 02:00:03.534143,2014-11-21 02:00:24.695484,00:00:21.161341,21.161341
PERF.THRUPUT.QS4.Q2,2014-11-21 02:00:18.913823,2014-11-21 02:00:24.958757,00:00:06.044934,6.044934
PERF.THRUPUT.RFST6.RF2,2014-11-21 01:59:56.780697,2014-11-21 02:00:32.958028,00:00:36.177331,36.177331
PERF.THRUPUT.QS6.Q4,2014-11-21 02:00:17.701426,2014-11-21 02:00:33.858165,00:00:16.156739,16.156739
PERF.THRUPUT.QS8.Q4,2014-11-21 02:00:17.529654,2014-11-21 02:00:33.859031,00:00:16.329377,16.329377
PERF.THRUPUT.QS1.Q8,2014-11-21 02:00:23.540267,2014-11-21 02:00:34.795111,00:00:11.254844,11.254844
PERF.THRUPUT.QS13.Q9,2014-11-21 01:58:37.06014,2014-11-21 02:00:37.9039,00:02:00.84376,120.84376
PERF.THRUPUT.QS6.Q11,2014-11-21 02:00:33.943629,2014-11-21 02:00:39.059307,00:00:05.115678,5.115678
PERF.THRUPUT.QS1.Q14,2014-11-21 02:00:34.903829,2014-11-21 02:00:43.256791,00:00:08.352962,8.352962
PERF.THRUPUT.QS1.Q19,2014-11-21 02:00:43.328256,2014-11-21 02:00:44.393916,00:00:01.06566,1.06566
PERF.THRUPUT.QS2.Q7,2014-11-21 02:00:24.710689,2014-11-21 02:00:45.196956,00:00:20.486267,20.486267
PERF.THRUPUT.QS11.Q12,2014-11-21 02:00:24.709788,2014-11-21 02:00:46.931015,00:00:22.221227,22.221227
PERF.THRUPUT.QS4.Q10,2014-11-21 02:00:24.992891,2014-11-21 02:00:47.208579,00:00:22.215688,22.215688
PERF.THRUPUT.QS13.Q16,2014-11-21 02:00:37.950962,2014-11-21 02:00:48.018867,00:00:10.067905,10.067905
PERF.THRUPUT.QS6.Q22,2014-11-21 02:00:39.09141,2014-11-21 02:00:49.515536,00:00:10.424126,10.424126
PERF.THRUPUT.QS17.Q17,2014-11-21 02:00:48.11231,2014-11-21 02:00:50.195085,00:00:02.082775,2.082775
PERF.THRUPUT.RFST7.RF1,2014-11-21 02:00:33.066659,2014-11-21 02:00:50.286588,00:00:17.219929,17.219929
PERF.THRUPUT.QS14.Q15,2014-11-21 02:00:20.462438,2014-11-21 02:00:52.962648,00:00:32.50021,32.50021
PERF.THRUPUT.QS10.Q21,2014-11-21 02:00:15.818504,2014-11-21 02:00:56.509486,00:00:40.690982,40.690982
PERF.THRUPUT.QS14.Q16,2014-11-21 02:00:53.091604,2014-11-21 02:01:05.16315,00:00:12.071546,12.071546
PERF.THRUPUT.QS14.Q17,2014-11-21 02:01:05.247456,2014-11-21 02:01:06.234682,00:00:00.987226,0.987226
PERF.THRUPUT.QS16.Q10,2014-11-21 02:00:39.414081,2014-11-21 02:01:07.258303,00:00:27.844222,27.844222
PERF.THRUPUT.QS13.Q6,2014-11-21 02:00:48.194567,2014-11-21 02:01:07.351534,00:00:19.156967,19.156967
PERF.THRUPUT.QS12.Q11,2014-11-21 02:01:04.207495,2014-11-21 02:01:08.263057,00:00:04.055562,4.055562
PERF.THRUPUT.QS15.Q15,2014-11-21 02:00:16.069316,2014-11-21 02:01:08.791248,00:00:52.721932,52.721932
PERF.THRUPUT.QS16.Q11,2014-11-21 02:01:07.306233,2014-11-21 02:01:09.2529,00:00:01.946667,1.946667
PERF.THRUPUT.QS13.Q11,2014-11-21 02:01:07.405342,2014-11-21 02:01:09.25655,00:00:01.851208,1.851208
PERF.THRUPUT.QS17.Q7,2014-11-21 02:00:50.266037,2014-11-21 02:01:09.949996,00:00:19.683959,19.683959
PERF.THRUPUT.QS8.Q3,2014-11-21 02:00:33.952221,2014-11-21 02:01:11.468263,00:00:37.516042,37.516042
PERF.THRUPUT.QS2.Q13,2014-11-21 02:00:45.295874,2014-11-21 02:01:12.438269,00:00:27.142395,27.142395
PERF.THRUPUT.QS13.Q2,2014-11-21 02:01:09.305545,2014-11-21 02:01:15.118148,00:00:05.812603,5.812603
PERF.THRUPUT.QS11.Q3,2014-11-21 02:00:47.047905,2014-11-21 02:01:17.556983,00:00:30.509078,30.509078
PERF.THRUPUT.QS17.Q8,2014-11-21 02:01:09.974127,2014-11-21 02:01:21.990034,00:00:12.015907,12.015907
PERF.THRUPUT.QS12.Q4,2014-11-21 02:01:08.28766,2014-11-21 02:01:22.038899,00:00:13.751239,13.751239
PERF.THRUPUT.QS14.Q7,2014-11-21 02:01:06.34708,2014-11-21 02:01:26.647843,00:00:20.300763,20.300763
PERF.THRUPUT.RFST7.RF2,2014-11-21 02:00:50.326423,2014-11-21 02:01:28.610493,00:00:38.28407,38.28407
PERF.THRUPUT.QS12.Q2,2014-11-21 02:01:22.163754,2014-11-21 02:01:28.644191,00:00:06.480437,6.480437
PERF.THRUPUT.RFST7,2014-11-21 02:00:33.056062,2014-11-21 02:01:28.76349,00:00:55.707428,55.707428
PERF.THRUPUT.QS15.Q5,2014-11-21 02:01:08.899558,2014-11-21 02:01:28.870761,00:00:19.971203,19.971203
PERF.THRUPUT.QS17.Q14,2014-11-21 02:01:23.044289,2014-11-21 02:01:35.15772,00:00:12.113431,12.113431
PERF.THRUPUT.QS16.Q15,2014-11-21 02:01:09.29504,2014-11-21 02:01:36.355618,00:00:27.060578,27.060578
PERF.THRUPUT.QS7.Q19,2014-11-21 02:01:38.08216,2014-11-21 02:01:39.059143,00:00:00.976983,0.976983
PERF.THRUPUT.QS15.Q22,2014-11-21 02:01:28.919853,2014-11-21 02:01:39.083876,00:00:10.164023,10.164023
PERF.THRUPUT.QS10.Q10,2014-11-21 02:00:56.571345,2014-11-21 02:01:41.886847,00:00:45.315502,45.315502
PERF.THRUPUT.QS5.Q5,2014-11-21 02:01:28.890983,2014-11-21 02:01:46.872192,00:00:17.981209,17.981209
PERF.THRUPUT.QS10.Q14,2014-11-21 02:01:41.917756,2014-11-21 02:01:52.041961,00:00:10.124205,10.124205
PERF.THRUPUT.QS9.Q1,2014-11-21 02:00:24.646213,2014-11-21 02:01:52.964254,00:01:28.318041,88.318041
PERF.THRUPUT.QS18.Q9,2014-11-21 02:00:16.629411,2014-11-21 02:02:17.321191,00:02:00.69178,120.69178
PERF.THRUPUT.RFST8.RF2,2014-11-21 02:01:43.599278,2014-11-21 02:02:20.550841,00:00:36.951563,36.951563
PERF.THRUPUT.QS12.Q21,2014-11-21 02:01:57.885541,2014-11-21 02:02:41.761184,00:00:43.875643,43.875643
PERF.THRUPUT.QS1.Q9,2014-11-21 02:00:44.448356,2014-11-21 02:02:45.150903,00:02:00.702547,120.702547
PERF.THRUPUT.QS15.Q1,2014-11-21 02:01:51.754371,2014-11-21 02:03:22.043809,00:01:30.289438,90.289438
PERF.THRUPUT.QS11.Q9,2014-11-21 02:01:17.586545,2014-11-21 02:03:30.316994,00:02:12.730449,132.730449
PERF.THRUPUT.QS2.Q20,2014-11-21 02:04:23.163223,2014-11-21 02:04:36.031637,00:00:12.868414,12.868414
PERF.THRUPUT.QS1.Q4,2014-11-21 02:04:29.587428,2014-11-21 02:04:41.35909,00:00:11.771662,11.771662
PERF.THRUPUT.QS7.Q6,2014-11-21 02:04:20.980326,2014-11-21 02:04:41.93567,00:00:20.955344,20.955344
PERF.THRUPUT.QS6.Q2,2014-11-21 02:04:35.831846,2014-11-21 02:04:46.207814,00:00:10.375968,10.375968
PERF.THRUPUT.QS11.Q2,2014-11-21 02:04:40.740376,2014-11-21 02:04:47.09042,00:00:06.350044,6.350044
PERF.THRUPUT.QS6.Q19,2014-11-21 02:04:52.522521,2014-11-21 02:04:53.194287,00:00:00.671766,0.671766
PERF.THRUPUT.QS18.Q22,2014-11-21 02:04:44.214885,2014-11-21 02:04:54.070887,00:00:09.856002,9.856002
PERF.THRUPUT.QS10.Q3,2014-11-21 02:04:31.486213,2014-11-21 02:05:01.431911,00:00:29.945698,29.945698
PERF.THRUPUT.QS6.Q20,2014-11-21 02:04:53.209925,2014-11-21 02:05:01.772485,00:00:08.56256,8.56256
PERF.THRUPUT.QS8.Q11,2014-11-21 02:04:59.136282,2014-11-21 02:05:02.090327,00:00:02.954045,2.954045
PERF.THRUPUT.QS8.ALL,2014-11-21 01:54:43.986641,2014-11-21 02:05:02.098468,00:10:18.111827,618.111827
PERF.THRUPUT.RFST11.RF2,2014-11-21 02:04:26.179232,2014-11-21 02:05:02.208858,00:00:36.029626,36.029626
PERF.THRUPUT.RFST11,2014-11-21 02:04:11.318002,2014-11-21 02:05:02.216589,00:00:50.898587,50.898587
PERF.THRUPUT.QS6.Q17,2014-11-21 02:05:01.787461,2014-11-21 02:05:02.656844,00:00:00.869383,0.869383
PERF.THRUPUT.QS18.Q16,2014-11-21 02:04:54.108398,2014-11-21 02:05:04.291264,00:00:10.182866,10.182866
PERF.THRUPUT.QS18.ALL,2014-11-21 01:54:43.992714,2014-11-21 02:05:04.299537,00:10:20.306823,620.306823
PERF.THRUPUT.QS2.Q3,2014-11-21 02:04:36.139981,2014-11-21 02:05:05.568709,00:00:29.428728,29.428728
PERF.THRUPUT.QS16.Q21,2014-11-21 02:04:26.902145,2014-11-21 02:05:06.368316,00:00:39.466171,39.466171
PERF.THRUPUT.QS16.ALL,2014-11-21 01:54:43.999055,2014-11-21 02:05:06.376963,00:10:22.377908,622.377908
PERF.THRUPUT.QS2.Q11,2014-11-21 02:05:05.586934,2014-11-21 02:05:07.636033,00:00:02.049099,2.049099
PERF.THRUPUT.QS4.Q3,2014-11-21 02:04:40.061644,2014-11-21 02:05:08.300623,00:00:28.238979,28.238979
PERF.THRUPUT.QS3.Q3,2014-11-21 02:04:42.055015,2014-11-21 02:05:09.739739,00:00:27.684724,27.684724
PERF.THRUPUT.QS3.ALL,2014-11-21 01:54:43.981042,2014-11-21 02:05:09.78967,00:10:25.808628,625.808628
PERF.THRUPUT.QS10.Q16,2014-11-21 02:05:01.449822,2014-11-21 02:05:10.826418,00:00:09.376596,9.376596
PERF.THRUPUT.QS7.Q15,2014-11-21 02:04:51.947208,2014-11-21 02:05:11.048265,00:00:19.101057,19.101057
PERF.THRUPUT.QS11.Q13,2014-11-21 02:04:47.183388,2014-11-21 02:05:12.195703,00:00:25.012315,25.012315
PERF.THRUPUT.QS5.ALL,2014-11-21 01:54:43.972923,2014-11-21 02:05:13.319038,00:10:29.346115,629.346115
PERF.THRUPUT.QS9.Q5,2014-11-21 02:04:57.18255,2014-11-21 02:05:14.814343,00:00:17.631793,17.631793
PERF.THRUPUT.RFST12.RF1,2014-11-21 02:05:02.231814,2014-11-21 02:05:14.845496,00:00:12.613682,12.613682
PERF.THRUPUT.QS2.Q21,2014-11-21 02:05:07.651918,2014-11-21 02:05:41.277865,00:00:33.625947,33.625947
PERF.THRUPUT.QS6.Q21,2014-11-21 02:05:02.672241,2014-11-21 02:05:41.278481,00:00:38.60624,38.60624
PERF.THRUPUT.RFST12,2014-11-21 02:05:02.225444,2014-11-21 02:05:47.230079,00:00:45.004635,45.004635
PERF.THRUPUT.QS5.Q12,2014-11-21 02:02:20.514256,2014-11-21 02:02:45.47027,00:00:24.956014,24.956014
PERF.THRUPUT.QS5.Q17,2014-11-21 02:02:45.586705,2014-11-21 02:02:46.709728,00:00:01.123023,1.123023
PERF.THRUPUT.QS14.Q14,2014-11-21 02:02:35.741177,2014-11-21 02:02:47.310371,00:00:11.569194,11.569194
PERF.THRUPUT.QS7.Q13,2014-11-21 02:02:16.769805,2014-11-21 02:02:47.483773,00:00:30.713968,30.713968
PERF.THRUPUT.QS14.Q19,2014-11-21 02:02:47.41653,2014-11-21 02:02:48.760662,00:00:01.344132,1.344132
PERF.THRUPUT.QS3.Q2,2014-11-21 02:02:35.741018,2014-11-21 02:02:52.460154,00:00:16.719136,16.719136
PERF.THRUPUT.QS1.Q22,2014-11-21 02:02:45.241541,2014-11-21 02:02:55.306081,00:00:10.06454,10.06454
PERF.THRUPUT.QS14.Q8,2014-11-21 02:02:48.882623,2014-11-21 02:03:01.842835,00:00:12.960212,12.960212
PERF.THRUPUT.QS7.Q5,2014-11-21 02:02:47.621622,2014-11-21 02:03:05.032651,00:00:17.411029,17.411029
PERF.THRUPUT.QS8.Q2,2014-11-21 02:02:59.596661,2014-11-21 02:03:09.59013,00:00:09.993469,9.993469
PERF.THRUPUT.QS12.Q13,2014-11-21 02:02:41.917877,2014-11-21 02:03:10.651309,00:00:28.733432,28.733432
PERF.THRUPUT.QS5.Q10,2014-11-21 02:02:46.842529,2014-11-21 02:03:11.431298,00:00:24.588769,24.588769
PERF.THRUPUT.QS14.Q22,2014-11-21 02:03:01.987072,2014-11-21 02:03:12.60604,00:00:10.618968,10.618968
PERF.THRUPUT.QS14.Q11,2014-11-21 02:03:12.970642,2014-11-21 02:03:16.977542,00:00:04.0069,4.0069
PERF.THRUPUT.RFST9.RF2,2014-11-21 02:02:37.905721,2014-11-21 02:03:18.818503,00:00:40.912782,40.912782
PERF.THRUPUT.RFST9,2014-11-21 02:02:20.671323,2014-11-21 02:03:18.908173,00:00:58.23685,58.23685
PERF.THRUPUT.RFST10.RF1,2014-11-21 02:03:18.991396,2014-11-21 02:03:33.982841,00:00:14.991445,14.991445
PERF.THRUPUT.QS12.Q10,2014-11-21 02:03:10.725289,2014-11-21 02:03:37.460087,00:00:26.734798,26.734798
PERF.THRUPUT.QS3.Q21,2014-11-21 02:02:52.596287,2014-11-21 02:03:38.59911,00:00:46.002823,46.002823
PERF.THRUPUT.QS12.Q19,2014-11-21 02:03:37.567083,2014-11-21 02:03:38.913811,00:00:01.346728,1.346728
PERF.THRUPUT.QS3.Q19,2014-11-21 02:03:38.75759,2014-11-21 02:03:39.6893,00:00:00.93171,0.93171
PERF.THRUPUT.QS14.Q10,2014-11-21 02:03:16.998794,2014-11-21 02:03:44.573907,00:00:27.575113,27.575113
PERF.THRUPUT.QS7.Q7,2014-11-21 02:03:05.188537,2014-11-21 02:03:48.329407,00:00:43.14087,43.14087
PERF.THRUPUT.QS17.Q4,2014-11-21 02:03:39.582941,2014-11-21 02:03:49.720917,00:00:10.137976,10.137976
PERF.THRUPUT.QS15.Q13,2014-11-21 02:03:22.140954,2014-11-21 02:03:52.591106,00:00:30.450152,30.450152
PERF.THRUPUT.QS15.Q19,2014-11-21 02:03:52.639121,2014-11-21 02:03:53.782398,00:00:01.143277,1.143277
PERF.THRUPUT.QS8.Q21,2014-11-21 02:03:09.714299,2014-11-21 02:03:54.654614,00:00:44.940315,44.940315
PERF.THRUPUT.QS18.Q18,2014-11-21 02:02:45.635261,2014-11-21 02:03:54.994666,00:01:09.359405,69.359405
PERF.THRUPUT.QS17.Q22,2014-11-21 02:03:49.834342,2014-11-21 02:03:58.729756,00:00:08.895414,8.895414
PERF.THRUPUT.QS15.Q2,2014-11-21 02:03:53.874246,2014-11-21 02:04:02.47717,00:00:08.602924,8.602924
PERF.THRUPUT.QS13.Q18,2014-11-21 02:02:58.138707,2014-11-21 02:04:06.414111,00:01:08.275404,68.275404
PERF.THRUPUT.QS16.Q13,2014-11-21 02:03:38.736083,2014-11-21 02:04:06.89798,00:00:28.161897,28.161897
PERF.THRUPUT.QS3.Q13,2014-11-21 02:03:39.823237,2014-11-21 02:04:06.964708,00:00:27.141471,27.141471
PERF.THRUPUT.QS4.Q13,2014-11-21 02:03:36.748655,2014-11-21 02:04:07.447791,00:00:30.699136,30.699136
PERF.THRUPUT.QS17.Q20,2014-11-21 02:03:58.753187,2014-11-21 02:04:09.366053,00:00:10.612866,10.612866
PERF.THRUPUT.QS12.Q3,2014-11-21 02:03:39.081461,2014-11-21 02:04:09.779282,00:00:30.697821,30.697821
PERF.THRUPUT.QS7.Q10,2014-11-21 02:03:48.449276,2014-11-21 02:04:10.764808,00:00:22.315532,22.315532
PERF.THRUPUT.RFST10.RF2,2014-11-21 02:03:34.061538,2014-11-21 02:04:11.284599,00:00:37.223061,37.223061
PERF.THRUPUT.RFST10,2014-11-21 02:03:18.937601,2014-11-21 02:04:11.302132,00:00:52.364531,52.364531
PERF.THRUPUT.QS14.Q3,2014-11-21 02:03:44.890684,2014-11-21 02:04:14.424602,00:00:29.533918,29.533918
PERF.THRUPUT.QS3.Q16,2014-11-21 02:04:06.982488,2014-11-21 02:04:17.154342,00:00:10.171854,10.171854
PERF.THRUPUT.QS7.Q16,2014-11-21 02:04:10.821125,2014-11-21 02:04:20.931406,00:00:10.110281,10.110281
PERF.THRUPUT.QS18.Q15,2014-11-21 02:03:55.104681,2014-11-21 02:04:21.08888,00:00:25.984199,25.984199
PERF.THRUPUT.QS12.Q14,2014-11-21 02:04:09.812,2014-11-21 02:04:21.665784,00:00:11.853784,11.853784
PERF.THRUPUT.QS2.Q4,2014-11-21 02:04:04.98364,2014-11-21 02:04:23.115015,00:00:18.131375,18.131375
PERF.THRUPUT.QS15.Q4,2014-11-21 02:04:02.610114,2014-11-21 02:04:23.122708,00:00:20.512594,20.512594
PERF.THRUPUT.QS6.Q5,2014-11-21 02:04:03.192289,2014-11-21 02:04:23.12908,00:00:19.936791,19.936791
PERF.THRUPUT.RFST11.RF1,2014-11-21 02:04:11.330804,2014-11-21 02:04:26.150384,00:00:14.81958,14.81958
PERF.THRUPUT.QS16.Q7,2014-11-21 02:04:06.930786,2014-11-21 02:04:26.785235,00:00:19.854449,19.854449
PERF.THRUPUT.QS4.Q7,2014-11-21 02:04:07.468076,2014-11-21 02:04:26.839164,00:00:19.371088,19.371088
PERF.THRUPUT.QS1.Q1,2014-11-21 02:02:55.837474,2014-11-21 02:04:29.566913,00:01:33.729439,93.729439
PERF.THRUPUT.QS17.Q6,2014-11-21 02:04:09.400098,2014-11-21 02:04:34.542054,00:00:25.141956,25.141956
PERF.THRUPUT.QS13.Q15,2014-11-21 02:04:06.476947,2014-11-21 02:04:34.627915,00:00:28.150968,28.150968
PERF.THRUPUT.QS11.Q21,2014-11-21 02:03:30.38645,2014-11-21 02:04:40.643056,00:01:10.256606,70.256606
PERF.THRUPUT.QS18.Q7,2014-11-21 02:04:21.137315,2014-11-21 02:04:44.113639,00:00:22.976324,22.976324
PERF.THRUPUT.QS9.Q9,2014-11-21 02:02:45.670093,2014-11-21 02:04:50.009542,00:02:04.339449,124.339449
PERF.THRUPUT.QS7.Q14,2014-11-21 02:04:42.054135,2014-11-21 02:04:51.863249,00:00:09.809114,9.809114
PERF.THRUPUT.QS6.Q14,2014-11-21 02:04:46.278686,2014-11-21 02:04:52.475987,00:00:06.197301,6.197301
PERF.THRUPUT.QS17.Q12,2014-11-21 02:04:34.667842,2014-11-21 02:04:56.363002,00:00:21.69516,21.69516
PERF.THRUPUT.QS14.ALL,2014-11-21 01:54:43.953437,2014-11-21 02:04:56.434142,00:10:12.480705,612.480705
PERF.THRUPUT.QS9.Q14,2014-11-21 02:04:50.105981,2014-11-21 02:04:57.167696,00:00:07.061715,7.061715
PERF.THRUPUT.QS8.Q18,2014-11-21 02:03:54.792255,2014-11-21 02:04:59.121297,00:01:04.329042,64.329042
PERF.THRUPUT.QS5.Q9,2014-11-21 02:03:11.55589,2014-11-21 02:05:13.30409,00:02:01.7482,121.7482
PERF.THRUPUT.QS15.Q18,2014-11-21 02:04:23.164782,2014-11-21 02:05:30.552045,00:01:07.387263,67.387263
PERF.THRUPUT.QS4.Q20,2014-11-21 02:05:08.315784,2014-11-21 02:05:19.960015,00:00:11.644231,11.644231
PERF.THRUPUT.QS4.ALL,2014-11-21 01:54:43.948956,2014-11-21 02:05:19.967854,00:10:36.018898,636.018898
PERF.THRUPUT.QS10.Q20,2014-11-21 02:05:10.930803,2014-11-21 02:05:22.098067,00:00:11.167264,11.167264
PERF.THRUPUT.QS10.Q19,2014-11-21 02:05:22.113001,2014-11-21 02:05:22.817607,00:00:00.704606,0.704606
PERF.THRUPUT.QS9.Q16,2014-11-21 02:05:14.844359,2014-11-21 02:05:24.793846,00:00:09.949487,9.949487
PERF.THRUPUT.QS9.ALL,2014-11-21 01:54:43.948141,2014-11-21 02:05:24.802587,00:10:40.854446,640.854446
PERF.THRUPUT.QS10.Q11,2014-11-21 02:05:22.832845,2014-11-21 02:05:26.209093,00:00:03.376248,3.376248
PERF.THRUPUT.QS7.Q12,2014-11-21 02:05:11.06699,2014-11-21 02:05:27.990002,00:00:16.923012,16.923012
PERF.THRUPUT.QS11.Q6,2014-11-21 02:05:12.244242,2014-11-21 02:05:28.00863,00:00:15.764388,15.764388
PERF.THRUPUT.QS7.ALL,2014-11-21 01:54:43.974367,2014-11-21 02:05:28.134672,00:10:44.160305,644.160305
PERF.THRUPUT.QS11.Q19,2014-11-21 02:05:28.144467,2014-11-21 02:05:28.83916,00:00:00.694693,0.694693
PERF.THRUPUT.QS10.Q4,2014-11-21 02:05:26.223025,2014-11-21 02:05:36.957039,00:00:10.734014,10.734014
PERF.THRUPUT.QS11.Q7,2014-11-21 02:05:28.854078,2014-11-21 02:05:45.863766,00:00:17.009688,17.009688
PERF.THRUPUT.RFST12.RF2,2014-11-21 02:05:14.85644,2014-11-21 02:05:47.220863,00:00:32.364423,32.364423
PERF.THRUPUT.QS10.Q8,2014-11-21 02:05:36.97087,2014-11-21 02:05:47.425485,00:00:10.454615,10.454615
PERF.THRUPUT.RFST13.RF1,2014-11-21 02:05:47.244115,2014-11-21 02:05:57.747445,00:00:10.50333,10.50333
PERF.THRUPUT.QS10.Q5,2014-11-21 02:05:47.43881,2014-11-21 02:05:59.515912,00:00:12.077102,12.077102
PERF.THRUPUT.RFST13.RF2,2014-11-21 02:05:57.757887,2014-11-21 02:06:31.966718,00:00:34.208831,34.208831
PERF.THRUPUT.RFST13,2014-11-21 02:05:47.23844,2014-11-21 02:06:31.9781,00:00:44.73966,44.73966
PERF.THRUPUT.RFST14.RF1,2014-11-21 02:06:31.998258,2014-11-21 02:06:43.147654,00:00:11.149396,11.149396
PERF.THRUPUT.RFST14.RF2,2014-11-21 02:06:43.164314,2014-11-21 02:07:16.593395,00:00:33.429081,33.429081
PERF.THRUPUT.RFST14,2014-11-21 02:06:31.991527,2014-11-21 02:07:16.604737,00:00:44.61321,44.61321
PERF.THRUPUT.RFST15.RF1,2014-11-21 02:07:16.62593,2014-11-21 02:07:27.564835,00:00:10.938905,10.938905
PERF.THRUPUT.RFST15.RF2,2014-11-21 02:07:27.57957,2014-11-21 02:08:00.945966,00:00:33.366396,33.366396
PERF.THRUPUT.RFST15,2014-11-21 02:07:16.618051,2014-11-21 02:08:00.955068,00:00:44.337017,44.337017
PERF.THRUPUT.RFST16.RF1,2014-11-21 02:08:00.972549,2014-11-21 02:08:11.36113,00:00:10.388581,10.388581
PERF.THRUPUT.RFST16.RF2,2014-11-21 02:08:11.375016,2014-11-21 02:08:44.945408,00:00:33.570392,33.570392
PERF.THRUPUT.RFST16,2014-11-21 02:08:00.965957,2014-11-21 02:08:44.956562,00:00:43.990605,43.990605
PERF.THRUPUT.RFST17.RF1,2014-11-21 02:08:44.979332,2014-11-21 02:08:55.884297,00:00:10.904965,10.904965
PERF.THRUPUT.RFST17.RF2,2014-11-21 02:08:55.901385,2014-11-21 02:09:29.55285,00:00:33.651465,33.651465
PERF.THRUPUT.RFST17,2014-11-21 02:08:44.969593,2014-11-21 02:09:29.562516,00:00:44.592923,44.592923
PERF.THRUPUT.RFST18.RF1,2014-11-21 02:09:29.58042,2014-11-21 02:09:39.495617,00:00:09.915197,9.915197
PERF.THRUPUT.RFST18.RF2,2014-11-21 02:09:39.512654,2014-11-21 02:10:13.193676,00:00:33.681022,33.681022
PERF.THRUPUT.RFST18,2014-11-21 02:09:29.573435,2014-11-21 02:10:13.203003,00:00:43.629568,43.629568
