ctime,schemaname,relname,seq_scan,seq_tup_read,idx_scan,idx_tup_fetch,n_tup_ins,n_tup_upd,n_tup_del,n_tup_hot_upd,n_live_tup,n_dead_tup,heap_blks_read,heap_blks_hit,idx_blks_read,idx_blks_hit,toast_blks_read,toast_blks_hit,tidx_blks_read,tidx_blks_hit
1416530590.31262,pg_catalog,pg_attrdef,0,0,0,0,0,0,0,0,0,0,0,0,0,0,0,0,0,0
1416530590.31262,pg_catalog,pg_db_role_setting,0,0,73800,0,0,0,0,0,0,0,0,0,183,73617,0,0,0,0
1416530590.31262,pg_toast,pg_toast_12713,0,0,0,0,0,0,0,0,0,0,0,0,0,0,,,,
1416530590.31262,pg_catalog,pg_rowsecurity,0,0,0,0,0,0,0,0,0,0,0,0,0,0,,,,
1416530590.31262,pg_catalog,pg_description,0,0,2478,0,0,0,0,0,0,0,0,0,835,4678,0,0,0,0
1416530590.31262,pg_catalog,pg_foreign_data_wrapper,0,0,0,0,0,0,0,0,0,0,0,0,0,0,,,,
1416530590.31262,pg_catalog,pg_conversion,0,0,0,0,0,0,0,0,0,0,0,0,0,0,,,,
1416530590.31262,public,time_statistics,1,1,,,3,1,0,1,3,1,2,3,,,,,,
1416530590.31262,public,partsupp,5,24000000,42,42,8000000,0,0,0,8000000,0,340611,954551,12,124,,,,
1416530590.31262,pg_catalog,pg_class,5175,1107148,442955,406349,1027,305,989,298,337,48,4023,451247,3877,926972,,,,
1416530590.31262,information_schema,sql_implementation_info,0,0,,,0,0,0,0,0,0,0,0,,,0,0,0,0
1416530590.31262,pg_catalog,pg_opfamily,0,0,0,0,0,0,0,0,0,0,0,0,0,0,,,,
1416530590.31262,pg_catalog,pg_auth_members,0,0,0,0,0,0,0,0,0,0,0,0,0,0,,,,
1416530590.31262,pg_catalog,pg_operator,0,0,138206,718747,0,0,0,0,0,0,3475,497893,2938,299775,,,,
1416530590.31262,information_schema,sql_languages,0,0,,,0,0,0,0,0,0,0,0,,,0,0,0,0
1416530590.31262,pg_toast,pg_toast_12693,0,0,0,0,0,0,0,0,0,0,0,0,0,0,,,,
1416530590.31262,pg_catalog,pg_attribute,1386,9450,359285,810183,3784,110,3606,81,2514,12,11760,406268,3396,753561,,,,
1416530590.31262,pg_toast,pg_toast_12698,0,0,0,0,0,0,0,0,0,0,0,0,0,0,,,,
1416530590.31262,pg_catalog,pg_tablespace,2,4,12667,12667,0,0,0,0,0,0,320,12349,670,24726,,,,
1416530590.31262,pg_catalog,pg_statistic,0,0,97175,93301,875,2318,812,1851,464,46,8842,91461,1074,208968,23168,91507,1297,126917
1416530590.31262,pg_toast,pg_toast_12703,0,0,0,0,0,0,0,0,0,0,0,0,0,0,,,,
1416530590.31262,information_schema,sql_packages,0,0,,,0,0,0,0,0,0,0,0,,,0,0,0,0
1416530590.31262,information_schema,sql_sizing_profiles,0,0,,,0,0,0,0,0,0,0,0,,,0,0,0,0
1416530590.31262,pg_catalog,pg_aggregate,0,0,9504,9504,0,0,0,0,0,0,647,8857,1493,15075,,,,
1416530590.31262,pg_catalog,pg_inherits,0,0,557,0,0,0,0,0,0,0,0,0,297,260,,,,
1416530590.31262,pg_catalog,pg_enum,0,0,0,0,0,0,0,0,0,0,0,0,0,0,,,,
1416530590.31262,pg_toast,pg_toast_2396,0,0,0,0,0,0,0,0,0,0,0,0,0,0,,,,
1416530590.31262,pg_catalog,pg_pltemplate,0,0,0,0,0,0,0,0,0,0,0,0,0,0,,,,
1416530590.31262,pg_toast,pg_toast_2618,0,0,1834,5856,0,0,0,0,0,0,1151,1101,331,2629,,,,
1416530590.31262,pg_toast,pg_toast_3596,0,0,0,0,0,0,0,0,0,0,0,0,0,0,,,,
1416530590.31262,information_schema,sql_features,0,0,,,0,0,0,0,0,0,0,0,,,0,0,0,0
1416530590.31262,pg_toast,pg_toast_2606,0,0,0,0,0,0,0,0,0,0,0,0,0,0,,,,
1416530590.31262,public,supplier,7,400000,42,42,100000,0,0,0,100000,0,2312,15690,6,108,,,,
1416530590.31262,pg_toast,pg_toast_12723,0,0,0,0,0,0,0,0,0,0,0,0,0,0,,,,
1416530590.31262,pg_toast,pg_toast_2964,0,0,0,0,0,0,0,0,0,0,0,0,0,0,,,,
1416530590.31262,pg_catalog,pg_database,1145,4334,59472,59470,1,0,0,0,1,0,127,60489,864,95469,,,,
1416530590.31262,public,orders,10,60000000,30,30,15000000,0,0,0,15000000,0,504554,1558810,8,118,,,,
1416530590.31262,information_schema,sql_sizing,0,0,,,0,0,0,0,0,0,0,0,,,0,0,0,0
1416530590.31262,public,lineitem,13,539874468,56,56,59986052,0,0,0,59986111,0,8958985,4303389,22,338,,,,
1416530590.31262,pg_toast,pg_toast_2620,0,0,0,0,0,0,0,0,0,0,0,0,0,0,,,,
1416530590.31262,pg_catalog,pg_depend,0,0,23416,25152,4337,0,4247,0,7107,1218,4324,28820,6430,60273,,,,
1416530590.31262,pg_catalog,pg_language,0,0,0,0,0,0,0,0,0,0,0,0,0,0,,,,
1416530590.31262,pg_catalog,pg_amproc,252,504,83301,201830,0,0,0,0,0,0,1158,81651,748,183941,,,,
1416530590.31262,pg_catalog,pg_collation,0,0,0,0,0,0,0,0,0,0,0,0,0,0,,,,
1416530590.31262,pg_toast,pg_toast_12708,0,0,0,0,0,0,0,0,0,0,0,0,0,0,,,,
1416530590.31262,pg_catalog,pg_range,0,0,4268,0,0,0,0,0,0,0,0,0,1499,7037,,,,
1416530590.31262,pg_toast,pg_toast_2609,0,0,0,0,0,0,0,0,0,0,0,0,0,0,,,,
1416530590.31262,pg_catalog,pg_opclass,252,252,113030,1218976,0,0,0,0,0,0,674,485792,1563,137125,,,,
1416530590.31262,pg_catalog,pg_rewrite,0,0,4372,3457,305,0,305,0,110,4,2310,3690,1043,6403,1151,1101,662,5258
1416530590.31262,pg_toast,pg_toast_1255,0,0,0,0,0,0,0,0,0,0,0,0,0,0,,,,
1416530590.31262,pg_catalog,pg_seclabel,0,0,2478,0,0,0,0,0,0,0,0,0,269,2209,0,0,0,0
1416530590.31262,pg_catalog,pg_ts_parser,0,0,0,0,0,0,0,0,0,0,0,0,0,0,,,,
1416530590.31262,pg_catalog,pg_trigger,0,0,0,0,0,0,0,0,0,0,0,0,0,0,0,0,0,0
1416530590.31262,pg_catalog,pg_shseclabel,0,0,0,0,0,0,0,0,0,0,0,0,0,0,,,,
1416530590.31262,pg_catalog,pg_event_trigger,0,0,985,0,0,0,0,0,0,0,0,0,286,699,,,,
1416530590.31262,public,region,6,10,8,8,5,0,0,0,5,0,1,11,2,9,,,,
1416530590.31262,pg_catalog,pg_foreign_table,0,0,0,0,0,0,0,0,0,0,0,0,0,0,,,,
1416530590.31262,pg_catalog,pg_extension,0,0,0,0,0,0,0,0,0,0,0,0,0,0,,,,
1416530590.31262,pg_catalog,pg_ts_config,0,0,0,0,0,0,0,0,0,0,0,0,0,0,,,,
1416530590.31262,pg_catalog,pg_shdescription,0,0,0,0,0,0,0,0,0,0,0,0,0,0,0,0,0,0
1416530590.31262,pg_catalog,pg_cast,0,0,598244,141803,0,0,0,0,0,0,686,141117,443,614933,,,,
1416530590.31262,pg_catalog,pg_amop,0,0,153500,270515,0,0,0,0,0,0,1200,258768,2696,325331,,,,
1416530590.31262,pg_catalog,pg_user_mapping,0,0,0,0,0,0,0,0,0,0,0,0,0,0,,,,
1416530590.31262,pg_catalog,pg_type,0,0,423345,419146,1123,0,1104,0,360,41,2598,421383,4049,870184,,,,
1416530590.31262,information_schema,sql_parts,0,0,,,0,0,0,0,0,0,0,0,,,0,0,0,0
1416530590.31262,pg_catalog,pg_largeobject,0,0,0,0,0,0,0,0,0,0,0,0,0,0,,,,
1416530590.31262,public,nation,13,50,42,42,25,0,0,0,25,0,1,45,2,49,,,,
1416530590.31262,pg_catalog,pg_ts_config_map,0,0,0,0,0,0,0,0,0,0,0,0,0,0,,,,
1416530590.31262,pg_catalog,pg_largeobject_metadata,0,0,0,0,0,0,0,0,0,0,0,0,0,0,,,,
1416530590.31262,pg_catalog,pg_am,22831,22831,0,0,0,0,0,0,0,0,220,22611,0,0,,,,
1416530590.31262,pg_toast,pg_toast_12718,0,0,0,0,0,0,0,0,0,0,0,0,0,0,,,,
1416530590.31262,pg_catalog,pg_ts_template,0,0,0,0,0,0,0,0,0,0,0,0,0,0,,,,
1416530590.31262,pg_catalog,pg_foreign_server,0,0,0,0,0,0,0,0,0,0,0,0,0,0,,,,
1416530590.31262,pg_catalog,pg_namespace,804,18970,95072,77325,36,0,0,0,36,0,255,77965,1130,113065,,,,
1416530590.31262,pg_toast,pg_toast_2619,0,0,68746,233915,3188,0,2938,0,260,12,23168,91507,1297,126917,,,,
1416530590.31262,pg_catalog,pg_authid,436,436,35607,35607,0,0,0,0,0,0,195,35848,917,70297,,,,
1416530590.31262,public,part,8,12000000,26,26,2000000,0,0,0,2000000,0,79007,327741,10,108,,,,
1416530590.31262,pg_catalog,pg_default_acl,0,0,2268,0,0,0,0,0,0,0,0,0,257,2011,,,,
1416530590.31262,pg_catalog,pg_shdepend,0,0,3083,604,0,0,0,0,0,0,285,319,1137,3072,,,,
1416530590.31262,pg_catalog,pg_constraint,0,0,168,80,88,0,80,0,10,24,49,478,88,868,0,0,0,0
1416530590.31262,public,customer,10,9000000,28,28,1500000,0,0,0,1500000,0,68533,294885,10,114,,,,
1416530590.31262,pg_catalog,pg_index,2653,249002,193127,277269,460,0,432,0,143,0,2120,265301,1319,220934,,,,
1416530590.31262,pg_catalog,pg_ts_dict,0,0,0,0,0,0,0,0,0,0,0,0,0,0,,,,
1416530590.31262,pg_toast,pg_toast_2604,0,0,0,0,0,0,0,0,0,0,0,0,0,0,,,,
1416530590.31262,pg_catalog,pg_proc,0,0,155776,231437,0,0,0,0,0,0,15017,153180,6217,339046,0,0,0,0
1416530650.31621,pg_catalog,pg_attrdef,0,0,0,0,0,0,0,0,0,0,0,0,0,0,0,0,0,0
1416530650.31621,pg_catalog,pg_db_role_setting,0,0,73900,0,0,0,0,0,0,0,0,0,184,73716,0,0,0,0
1416530650.31621,pg_toast,pg_toast_12713,0,0,0,0,0,0,0,0,0,0,0,0,0,0,,,,
1416530650.31621,pg_catalog,pg_rowsecurity,0,0,0,0,0,0,0,0,0,0,0,0,0,0,,,,
1416530650.31621,pg_catalog,pg_description,0,0,2478,0,0,0,0,0,0,0,0,0,835,4678,0,0,0,0
1416530650.31621,pg_catalog,pg_foreign_data_wrapper,0,0,0,0,0,0,0,0,0,0,0,0,0,0,,,,
1416530650.31621,pg_catalog,pg_conversion,0,0,0,0,0,0,0,0,0,0,0,0,0,0,,,,
1416530650.31621,public,time_statistics,4,13,,,6,4,0,4,6,4,2,12,,,,,,
1416530650.31621,public,partsupp,5,24000000,26619,1629506,8000000,0,0,0,8000000,0,511563,2394263,20109,64485,,,,
1416530650.31621,pg_catalog,pg_class,5185,1110198,443436,406815,1027,305,989,298,337,48,4024,451813,3878,927969,,,,
1416530650.31621,information_schema,sql_implementation_info,0,0,,,0,0,0,0,0,0,0,0,,,0,0,0,0
1416530650.31621,pg_catalog,pg_opfamily,0,0,0,0,0,0,0,0,0,0,0,0,0,0,,,,
1416530650.31621,pg_catalog,pg_auth_members,0,0,0,0,0,0,0,0,0,0,0,0,0,0,,,,
1416530650.31621,pg_catalog,pg_operator,0,0,138271,719064,0,0,0,0,0,0,3487,498099,2940,299923,,,,
1416530650.31621,information_schema,sql_languages,0,0,,,0,0,0,0,0,0,0,0,,,0,0,0,0
1416530650.31621,pg_toast,pg_toast_12693,0,0,0,0,0,0,0,0,0,0,0,0,0,0,,,,
1416530650.31621,pg_catalog,pg_attribute,1386,9450,359615,810804,3784,110,3606,81,2514,12,11776,406599,3397,754240,,,,
1416530650.31621,pg_toast,pg_toast_12698,0,0,0,0,0,0,0,0,0,0,0,0,0,0,,,,
1416530650.31621,pg_catalog,pg_tablespace,2,4,12679,12679,0,0,0,0,0,0,321,12360,673,24749,,,,
1416530650.31621,pg_catalog,pg_statistic,0,0,97241,93350,875,2318,812,1851,464,46,8851,91501,1075,209110,23196,91523,1298,126971
1416530650.31621,pg_toast,pg_toast_12703,0,0,0,0,0,0,0,0,0,0,0,0,0,0,,,,
1416530650.31621,information_schema,sql_packages,0,0,,,0,0,0,0,0,0,0,0,,,0,0,0,0
1416530650.31621,information_schema,sql_sizing_profiles,0,0,,,0,0,0,0,0,0,0,0,,,0,0,0,0
1416530650.31621,pg_catalog,pg_aggregate,0,0,9507,9507,0,0,0,0,0,0,648,8859,1495,15079,,,,
1416530650.31621,pg_catalog,pg_inherits,0,0,557,0,0,0,0,0,0,0,0,0,297,260,,,,
1416530650.31621,pg_catalog,pg_enum,0,0,0,0,0,0,0,0,0,0,0,0,0,0,,,,
1416530650.31621,pg_toast,pg_toast_2396,0,0,0,0,0,0,0,0,0,0,0,0,0,0,,,,
1416530650.31621,pg_catalog,pg_pltemplate,0,0,0,0,0,0,0,0,0,0,0,0,0,0,,,,
1416530650.31621,pg_toast,pg_toast_2618,0,0,1840,5874,0,0,0,0,0,0,1157,1102,331,2639,,,,
1416530650.31621,pg_toast,pg_toast_3596,0,0,0,0,0,0,0,0,0,0,0,0,0,0,,,,
1416530650.31621,information_schema,sql_features,0,0,,,0,0,0,0,0,0,0,0,,,0,0,0,0
1416530650.31621,pg_toast,pg_toast_2606,0,0,0,0,0,0,0,0,0,0,0,0,0,0,,,,
1416530650.31621,public,supplier,9,500000,26142,26142,100000,0,0,0,100000,0,4491,41790,284,52179,,,,
1416530650.31621,pg_toast,pg_toast_12723,0,0,0,0,0,0,0,0,0,0,0,0,0,0,,,,
1416530650.31621,pg_toast,pg_toast_2964,0,0,0,0,0,0,0,0,0,0,0,0,0,0,,,,
1416530650.31621,pg_catalog,pg_database,1149,4344,59551,59549,1,0,0,0,1,0,127,60572,868,95593,,,,
1416530650.31621,public,orders,10,60000000,30,30,15015000,0,0,0,15015000,0,504810,1559367,2828,132793,,,,
1416530650.31621,information_schema,sql_sizing,0,0,,,0,0,0,0,0,0,0,0,,,0,0,0,0
1416530650.31621,public,lineitem,13,539874468,59,749893,60045669,0,0,0,60045728,0,9364543,4306064,109903,1305694,,,,
1416530650.31621,pg_toast,pg_toast_2620,0,0,0,0,0,0,0,0,0,0,0,0,0,0,,,,
1416530650.31621,pg_catalog,pg_depend,0,0,23416,25152,4337,0,4247,0,7107,1218,4324,28820,6430,60273,,,,
1416530650.31621,pg_catalog,pg_language,0,0,0,0,0,0,0,0,0,0,0,0,0,0,,,,
1416530650.31621,pg_catalog,pg_amproc,252,504,83350,201908,0,0,0,0,0,0,1158,81699,748,184055,,,,
1416530650.31621,pg_catalog,pg_collation,0,0,0,0,0,0,0,0,0,0,0,0,0,0,,,,
1416530650.31621,pg_toast,pg_toast_12708,0,0,0,0,0,0,0,0,0,0,0,0,0,0,,,,
1416530650.31621,pg_catalog,pg_range,0,0,4271,0,0,0,0,0,0,0,0,0,1501,7041,,,,
1416530650.31621,pg_toast,pg_toast_2609,0,0,0,0,0,0,0,0,0,0,0,0,0,0,,,,
1416530650.31621,pg_catalog,pg_opclass,252,252,113083,1219439,0,0,0,0,0,0,674,485981,1563,137198,,,,
1416530650.31621,pg_catalog,pg_rewrite,0,0,4380,3465,305,0,305,0,110,4,2314,3694,1043,6417,1157,1102,662,5278
1416530650.31621,pg_toast,pg_toast_1255,0,0,0,0,0,0,0,0,0,0,0,0,0,0,,,,
1416530650.31621,pg_catalog,pg_seclabel,0,0,2478,0,0,0,0,0,0,0,0,0,269,2209,0,0,0,0
1416530650.31621,pg_catalog,pg_ts_parser,0,0,0,0,0,0,0,0,0,0,0,0,0,0,,,,
1416530650.31621,pg_catalog,pg_trigger,0,0,0,0,0,0,0,0,0,0,0,0,0,0,0,0,0,0
1416530650.31621,pg_catalog,pg_shseclabel,0,0,0,0,0,0,0,0,0,0,0,0,0,0,,,,
1416530650.31621,pg_catalog,pg_event_trigger,0,0,985,0,0,0,0,0,0,0,0,0,286,699,,,,
1416530650.31621,public,region,6531,32630,12,12,5,0,0,0,5,0,2,6538,4,12,,,,
1416530650.31621,pg_catalog,pg_foreign_table,0,0,0,0,0,0,0,0,0,0,0,0,0,0,,,,
1416530650.31621,pg_catalog,pg_extension,0,0,0,0,0,0,0,0,0,0,0,0,0,0,,,,
1416530650.31621,pg_catalog,pg_ts_config,0,0,0,0,0,0,0,0,0,0,0,0,0,0,,,,
1416530650.31621,pg_catalog,pg_shdescription,0,0,0,0,0,0,0,0,0,0,0,0,0,0,0,0,0,0
1416530650.31621,pg_catalog,pg_cast,0,0,598544,141893,0,0,0,0,0,0,686,141207,443,615247,,,,
1416530650.31621,pg_catalog,pg_amop,0,0,153585,270668,0,0,0,0,0,0,1202,258914,2697,325517,,,,
1416530650.31621,pg_catalog,pg_user_mapping,0,0,0,0,0,0,0,0,0,0,0,0,0,0,,,,
1416530650.31621,pg_catalog,pg_type,0,0,423645,419446,1123,0,1104,0,360,41,2599,421682,4049,870800,,,,
1416530650.31621,information_schema,sql_parts,0,0,,,0,0,0,0,0,0,0,0,,,0,0,0,0
1416530650.31621,pg_catalog,pg_largeobject,0,0,0,0,0,0,0,0,0,0,0,0,0,0,,,,
1416530650.31621,public,nation,14,75,26142,26142,25,0,0,0,25,0,2,26145,4,26148,,,,
1416530650.31621,pg_catalog,pg_ts_config_map,0,0,0,0,0,0,0,0,0,0,0,0,0,0,,,,
1416530650.31621,pg_catalog,pg_largeobject_metadata,0,0,0,0,0,0,0,0,0,0,0,0,0,0,,,,
1416530650.31621,pg_catalog,pg_am,22847,22847,0,0,0,0,0,0,0,0,220,22627,0,0,,,,
1416530650.31621,pg_toast,pg_toast_12718,0,0,0,0,0,0,0,0,0,0,0,0,0,0,,,,
1416530650.31621,pg_catalog,pg_ts_template,0,0,0,0,0,0,0,0,0,0,0,0,0,0,,,,
1416530650.31621,pg_catalog,pg_foreign_server,0,0,0,0,0,0,0,0,0,0,0,0,0,0,,,,
1416530650.31621,pg_catalog,pg_namespace,806,19054,95258,77496,36,0,0,0,36,0,255,78138,1131,113267,,,,
1416530650.31621,pg_toast,pg_toast_2619,0,0,68771,234011,3188,0,2938,0,260,12,23196,91523,1298,126971,,,,
1416530650.31621,pg_catalog,pg_authid,439,439,35653,35653,0,0,0,0,0,0,196,35896,921,70385,,,,
1416530650.31621,public,part,9,14000000,33,2000032,2000000,0,0,0,2000000,0,119529,369021,5483,130,,,,
1416530650.31621,pg_catalog,pg_default_acl,0,0,2268,0,0,0,0,0,0,0,0,0,257,2011,,,,
1416530650.31621,pg_catalog,pg_shdepend,0,0,3083,604,0,0,0,0,0,0,285,319,1137,3072,,,,
1416530650.31621,pg_catalog,pg_constraint,0,0,168,80,88,0,80,0,10,24,49,478,88,868,0,0,0,0
1416530650.31621,public,customer,10,9000000,28,28,1500000,0,0,0,1500000,0,68533,294885,10,114,,,,
1416530650.31621,pg_catalog,pg_index,2658,249717,193238,277422,460,0,432,0,143,0,2120,265467,1319,221070,,,,
1416530650.31621,pg_catalog,pg_ts_dict,0,0,0,0,0,0,0,0,0,0,0,0,0,0,,,,
1416530650.31621,pg_toast,pg_toast_2604,0,0,0,0,0,0,0,0,0,0,0,0,0,0,,,,
1416530650.31621,pg_catalog,pg_proc,0,0,155910,231640,0,0,0,0,0,0,15037,153313,6223,339337,0,0,0,0
1416530710.31805,pg_catalog,pg_attrdef,0,0,0,0,0,0,0,0,0,0,0,0,0,0,0,0,0,0
1416530710.31805,pg_catalog,pg_db_role_setting,0,0,73928,0,0,0,0,0,0,0,0,0,185,73743,0,0,0,0
1416530710.31805,pg_toast,pg_toast_12713,0,0,0,0,0,0,0,0,0,0,0,0,0,0,,,,
1416530710.31805,pg_catalog,pg_rowsecurity,0,0,0,0,0,0,0,0,0,0,0,0,0,0,,,,
1416530710.31805,pg_catalog,pg_description,0,0,2478,0,0,0,0,0,0,0,0,0,835,4678,0,0,0,0
1416530710.31805,pg_catalog,pg_foreign_data_wrapper,0,0,0,0,0,0,0,0,0,0,0,0,0,0,,,,
1416530710.31805,pg_catalog,pg_conversion,0,0,0,0,0,0,0,0,0,0,0,0,0,0,,,,
1416530710.31805,public,time_statistics,4,13,,,6,4,0,4,6,4,2,12,,,,,,
1416530710.31805,public,partsupp,5,24000000,26619,1629506,8000000,0,0,0,8000000,0,511563,2394263,20109,64485,,,,
1416530710.31805,pg_catalog,pg_class,5196,1113585,443787,407166,1027,305,989,298,337,48,4040,452259,3887,928679,,,,
1416530710.31805,information_schema,sql_implementation_info,0,0,,,0,0,0,0,0,0,0,0,,,0,0,0,0
1416530710.31805,pg_catalog,pg_opfamily,0,0,0,0,0,0,0,0,0,0,0,0,0,0,,,,
1416530710.31805,pg_catalog,pg_auth_members,0,0,0,0,0,0,0,0,0,0,0,0,0,0,,,,
1416530710.31805,pg_catalog,pg_operator,0,0,138289,719082,0,0,0,0,0,0,3488,498116,2946,299962,,,,
1416530710.31805,information_schema,sql_languages,0,0,,,0,0,0,0,0,0,0,0,,,0,0,0,0
1416530710.31805,pg_toast,pg_toast_12693,0,0,0,0,0,0,0,0,0,0,0,0,0,0,,,,
1416530710.31805,pg_catalog,pg_attribute,1386,9450,359814,811133,3784,110,3606,81,2514,12,11786,406795,3404,754637,,,,
1416530710.31805,pg_toast,pg_toast_12698,0,0,0,0,0,0,0,0,0,0,0,0,0,0,,,,
1416530710.31805,pg_catalog,pg_tablespace,2,4,12684,12684,0,0,0,0,0,0,321,12365,673,24759,,,,
1416530710.31805,pg_catalog,pg_statistic,0,0,97265,93370,875,2318,812,1851,464,46,8856,91516,1078,209160,23197,91526,1301,126980
1416530710.31805,pg_toast,pg_toast_12703,0,0,0,0,0,0,0,0,0,0,0,0,0,0,,,,
1416530710.31805,information_schema,sql_packages,0,0,,,0,0,0,0,0,0,0,0,,,0,0,0,0
1416530710.31805,information_schema,sql_sizing_profiles,0,0,,,0,0,0,0,0,0,0,0,,,0,0,0,0
1416530710.31805,pg_catalog,pg_aggregate,0,0,9508,9508,0,0,0,0,0,0,648,8860,1495,15081,,,,
1416530710.31805,pg_catalog,pg_inherits,0,0,557,0,0,0,0,0,0,0,0,0,297,260,,,,
1416530710.31805,pg_catalog,pg_enum,0,0,0,0,0,0,0,0,0,0,0,0,0,0,,,,
1416530710.31805,pg_toast,pg_toast_2396,0,0,0,0,0,0,0,0,0,0,0,0,0,0,,,,
1416530710.31805,pg_catalog,pg_pltemplate,0,0,0,0,0,0,0,0,0,0,0,0,0,0,,,,
1416530710.31805,pg_toast,pg_toast_2618,0,0,1844,5888,0,0,0,0,0,0,1161,1103,331,2645,,,,
1416530710.31805,pg_toast,pg_toast_3596,0,0,0,0,0,0,0,0,0,0,0,0,0,0,,,,
1416530710.31805,information_schema,sql_features,0,0,,,0,0,0,0,0,0,0,0,,,0,0,0,0
1416530710.31805,pg_toast,pg_toast_2606,0,0,0,0,0,0,0,0,0,0,0,0,0,0,,,,
1416530710.31805,public,supplier,9,500000,26142,26142,100000,0,0,0,100000,0,4491,41790,284,52179,,,,
1416530710.31805,pg_toast,pg_toast_12723,0,0,0,0,0,0,0,0,0,0,0,0,0,0,,,,
1416530710.31805,pg_toast,pg_toast_2964,0,0,0,0,0,0,0,0,0,0,0,0,0,0,,,,
1416530710.31805,pg_catalog,pg_database,1152,4356,59580,59578,1,0,0,0,1,0,127,60604,872,95632,,,,
1416530710.31805,public,orders,10,60000000,30,30,15015000,0,0,0,15015000,0,504810,1559367,2828,132793,,,,
1416530710.31805,information_schema,sql_sizing,0,0,,,0,0,0,0,0,0,0,0,,,0,0,0,0
1416530710.31805,public,lineitem,13,539874468,59,749893,60045669,0,0,0,60045728,0,9364543,4306064,109903,1305694,,,,
1416530710.31805,pg_toast,pg_toast_2620,0,0,0,0,0,0,0,0,0,0,0,0,0,0,,,,
1416530710.31805,pg_catalog,pg_depend,0,0,23416,25152,4337,0,4247,0,7107,1218,4324,28820,6430,60273,,,,
1416530710.31805,pg_catalog,pg_language,0,0,0,0,0,0,0,0,0,0,0,0,0,0,,,,
1416530710.31805,pg_catalog,pg_amproc,252,504,83369,201937,0,0,0,0,0,0,1160,81716,754,184093,,,,
1416530710.31805,pg_catalog,pg_collation,0,0,0,0,0,0,0,0,0,0,0,0,0,0,,,,
1416530710.31805,pg_toast,pg_toast_12708,0,0,0,0,0,0,0,0,0,0,0,0,0,0,,,,
1416530710.31805,pg_catalog,pg_range,0,0,4271,0,0,0,0,0,0,0,0,0,1501,7041,,,,
1416530710.31805,pg_toast,pg_toast_2609,0,0,0,0,0,0,0,0,0,0,0,0,0,0,,,,
1416530710.31805,pg_catalog,pg_opclass,252,252,113105,1219709,0,0,0,0,0,0,678,486079,1569,137224,,,,
1416530710.31805,pg_catalog,pg_rewrite,0,0,4387,3472,305,0,305,0,110,4,2319,3696,1044,6428,1161,1103,662,5290
1416530710.31805,pg_toast,pg_toast_1255,0,0,0,0,0,0,0,0,0,0,0,0,0,0,,,,
1416530710.31805,pg_catalog,pg_seclabel,0,0,2478,0,0,0,0,0,0,0,0,0,269,2209,0,0,0,0
1416530710.31805,pg_catalog,pg_ts_parser,0,0,0,0,0,0,0,0,0,0,0,0,0,0,,,,
1416530710.31805,pg_catalog,pg_trigger,0,0,0,0,0,0,0,0,0,0,0,0,0,0,0,0,0,0
1416530710.31805,pg_catalog,pg_shseclabel,0,0,0,0,0,0,0,0,0,0,0,0,0,0,,,,
1416530710.31805,pg_catalog,pg_event_trigger,0,0,985,0,0,0,0,0,0,0,0,0,286,699,,,,
1416530710.31805,public,region,6531,32630,12,12,5,0,0,0,5,0,2,6538,4,12,,,,
1416530710.31805,pg_catalog,pg_foreign_table,0,0,0,0,0,0,0,0,0,0,0,0,0,0,,,,
1416530710.31805,pg_catalog,pg_extension,0,0,0,0,0,0,0,0,0,0,0,0,0,0,,,,
1416530710.31805,pg_catalog,pg_ts_config,0,0,0,0,0,0,0,0,0,0,0,0,0,0,,,,
1416530710.31805,pg_catalog,pg_shdescription,0,0,0,0,0,0,0,0,0,0,0,0,0,0,0,0,0,0
1416530710.31805,pg_catalog,pg_cast,0,0,598635,141922,0,0,0,0,0,0,687,141235,445,615341,,,,
1416530710.31805,pg_catalog,pg_amop,0,0,153622,270725,0,0,0,0,0,0,1205,258968,2703,325593,,,,
1416530710.31805,pg_catalog,pg_user_mapping,0,0,0,0,0,0,0,0,0,0,0,0,0,0,,,,
1416530710.31805,pg_catalog,pg_type,0,0,423741,419542,1123,0,1104,0,360,41,2602,421775,4052,870994,,,,
1416530710.31805,information_schema,sql_parts,0,0,,,0,0,0,0,0,0,0,0,,,0,0,0,0
1416530710.31805,pg_catalog,pg_largeobject,0,0,0,0,0,0,0,0,0,0,0,0,0,0,,,,
1416530710.31805,public,nation,14,75,26142,26142,25,0,0,0,25,0,2,26145,4,26148,,,,
1416530710.31805,pg_catalog,pg_ts_config_map,0,0,0,0,0,0,0,0,0,0,0,0,0,0,,,,
1416530710.31805,pg_catalog,pg_largeobject_metadata,0,0,0,0,0,0,0,0,0,0,0,0,0,0,,,,
1416530710.31805,pg_catalog,pg_am,22853,22853,0,0,0,0,0,0,0,0,222,22631,0,0,,,,
1416530710.31805,pg_toast,pg_toast_12718,0,0,0,0,0,0,0,0,0,0,0,0,0,0,,,,
1416530710.31805,pg_catalog,pg_ts_template,0,0,0,0,0,0,0,0,0,0,0,0,0,0,,,,
1416530710.31805,pg_catalog,pg_foreign_server,0,0,0,0,0,0,0,0,0,0,0,0,0,0,,,,
1416530710.31805,pg_catalog,pg_namespace,808,19138,95416,77649,36,0,0,0,36,0,255,78293,1131,113432,,,,
1416530710.31805,pg_toast,pg_toast_2619,0,0,68775,234019,3188,0,2938,0,260,12,23197,91526,1301,126980,,,,
1416530710.31805,pg_catalog,pg_authid,440,440,35663,35663,0,0,0,0,0,0,196,35907,921,70405,,,,
1416530710.31805,public,part,9,14000000,33,2000032,2000000,0,0,0,2000000,0,119529,369021,5483,130,,,,
1416530710.31805,pg_catalog,pg_default_acl,0,0,2268,0,0,0,0,0,0,0,0,0,257,2011,,,,
1416530710.31805,pg_catalog,pg_shdepend,0,0,3083,604,0,0,0,0,0,0,285,319,1137,3072,,,,
1416530710.31805,pg_catalog,pg_constraint,0,0,168,80,88,0,80,0,10,24,49,478,88,868,0,0,0,0
1416530710.31805,public,customer,10,9000000,28,28,1500000,0,0,0,1500000,0,68533,294885,10,114,,,,
1416530710.31805,pg_catalog,pg_index,2663,250432,193282,277479,460,0,432,0,143,0,2122,265539,1323,221121,,,,
1416530710.31805,pg_catalog,pg_ts_dict,0,0,0,0,0,0,0,0,0,0,0,0,0,0,,,,
1416530710.31805,pg_toast,pg_toast_2604,0,0,0,0,0,0,0,0,0,0,0,0,0,0,,,,
1416530710.31805,pg_catalog,pg_proc,0,0,155988,231753,0,0,0,0,0,0,15048,153395,6233,339493,0,0,0,0
1416530770.32133,pg_catalog,pg_attrdef,0,0,0,0,0,0,0,0,0,0,0,0,0,0,0,0,0,0
1416530770.32133,pg_catalog,pg_db_role_setting,0,0,74004,0,0,0,0,0,0,0,0,0,186,73818,0,0,0,0
1416530770.32133,pg_toast,pg_toast_12713,0,0,0,0,0,0,0,0,0,0,0,0,0,0,,,,
1416530770.32133,pg_catalog,pg_rowsecurity,0,0,0,0,0,0,0,0,0,0,0,0,0,0,,,,
1416530770.32133,pg_catalog,pg_description,0,0,2478,0,0,0,0,0,0,0,0,0,835,4678,0,0,0,0
1416530770.32133,pg_catalog,pg_foreign_data_wrapper,0,0,0,0,0,0,0,0,0,0,0,0,0,0,,,,
1416530770.32133,pg_catalog,pg_conversion,0,0,0,0,0,0,0,0,0,0,0,0,0,0,,,,
1416530770.32133,public,time_statistics,8,43,,,10,8,0,8,10,8,3,23,,,,,,
1416530770.32133,public,partsupp,6,32000000,48138,1715522,8000000,0,0,0,8000000,0,639642,2461103,33944,115562,,,,
1416530770.32133,pg_catalog,pg_class,5205,1116298,444312,407669,1027,305,989,298,337,48,4044,452849,3893,929760,,,,
1416530770.32133,information_schema,sql_implementation_info,0,0,,,0,0,0,0,0,0,0,0,,,0,0,0,0
1416530770.32133,pg_catalog,pg_opfamily,0,0,0,0,0,0,0,0,0,0,0,0,0,0,,,,
1416530770.32133,pg_catalog,pg_auth_members,0,0,0,0,0,0,0,0,0,0,0,0,0,0,,,,
1416530770.32133,pg_catalog,pg_operator,0,0,138394,719764,0,0,0,0,0,0,3501,498579,2949,300193,,,,
1416530770.32133,information_schema,sql_languages,0,0,,,0,0,0,0,0,0,0,0,,,0,0,0,0
1416530770.32133,pg_toast,pg_toast_12693,0,0,0,0,0,0,0,0,0,0,0,0,0,0,,,,
1416530770.32133,pg_catalog,pg_attribute,1386,9450,360173,811824,3784,110,3606,81,2514,12,11815,407143,3408,755370,,,,
1416530770.32133,pg_toast,pg_toast_12698,0,0,0,0,0,0,0,0,0,0,0,0,0,0,,,,
1416530770.32133,pg_catalog,pg_tablespace,2,4,12697,12697,0,0,0,0,0,0,322,12377,675,24783,,,,
1416530770.32133,pg_catalog,pg_statistic,0,0,97349,93436,875,2318,812,1851,464,46,8871,91567,1080,209338,23229,91569,1302,127085
1416530770.32133,pg_toast,pg_toast_12703,0,0,0,0,0,0,0,0,0,0,0,0,0,0,,,,
1416530770.32133,information_schema,sql_packages,0,0,,,0,0,0,0,0,0,0,0,,,0,0,0,0
1416530770.32133,information_schema,sql_sizing_profiles,0,0,,,0,0,0,0,0,0,0,0,,,0,0,0,0
1416530770.32133,pg_catalog,pg_aggregate,0,0,9514,9514,0,0,0,0,0,0,650,8864,1499,15088,,,,
1416530770.32133,pg_catalog,pg_inherits,0,0,557,0,0,0,0,0,0,0,0,0,297,260,,,,
1416530770.32133,pg_catalog,pg_enum,0,0,0,0,0,0,0,0,0,0,0,0,0,0,,,,
1416530770.32133,pg_toast,pg_toast_2396,0,0,0,0,0,0,0,0,0,0,0,0,0,0,,,,
1416530770.32133,pg_catalog,pg_pltemplate,0,0,0,0,0,0,0,0,0,0,0,0,0,0,,,,
1416530770.32133,pg_toast,pg_toast_2618,0,0,1849,5904,0,0,0,0,0,0,1166,1104,333,2651,,,,
1416530770.32133,pg_toast,pg_toast_3596,0,0,0,0,0,0,0,0,0,0,0,0,0,0,,,,
1416530770.32133,information_schema,sql_features,0,0,,,0,0,0,0,0,0,0,0,,,0,0,0,0
1416530770.32133,pg_toast,pg_toast_2606,0,0,0,0,0,0,0,0,0,0,0,0,0,0,,,,
1416530770.32133,public,supplier,9,500000,3294912,3298965,100000,0,0,0,100000,0,4491,3312412,300,6606888,,,,
1416530770.32133,pg_toast,pg_toast_12723,0,0,0,0,0,0,0,0,0,0,0,0,0,0,,,,
1416530770.32133,pg_toast,pg_toast_2964,0,0,0,0,0,0,0,0,0,0,0,0,0,0,,,,
1416530770.32133,pg_catalog,pg_database,1155,4368,59644,59642,1,0,0,0,1,0,127,60671,876,95730,,,,
1416530770.32133,public,orders,10,60000000,3268791,3268791,15015000,0,0,0,15015000,0,1045117,4287821,43914,9915948,,,,
1416530770.32133,information_schema,sql_sizing,0,0,,,0,0,0,0,0,0,0,0,,,0,0,0,0
1416530770.32133,public,lineitem,13,539874468,525884,25584807,60045669,0,0,0,60045728,0,11263804,19134176,263961,3359234,,,,
1416530770.32133,pg_toast,pg_toast_2620,0,0,0,0,0,0,0,0,0,0,0,0,0,0,,,,
1416530770.32133,pg_catalog,pg_depend,0,0,23416,25152,4337,0,4247,0,7107,1218,4324,28820,6430,60273,,,,
1416530770.32133,pg_catalog,pg_language,0,0,0,0,0,0,0,0,0,0,0,0,0,0,,,,
1416530770.32133,pg_catalog,pg_amproc,252,504,83421,202021,0,0,0,0,0,0,1160,81766,754,184213,,,,
1416530770.32133,pg_catalog,pg_collation,0,0,0,0,0,0,0,0,0,0,0,0,0,0,,,,
1416530770.32133,pg_toast,pg_toast_12708,0,0,0,0,0,0,0,0,0,0,0,0,0,0,,,,
1416530770.32133,pg_catalog,pg_range,0,0,4275,0,0,0,0,0,0,0,0,0,1505,7045,,,,
1416530770.32133,pg_toast,pg_toast_2609,0,0,0,0,0,0,0,0,0,0,0,0,0,0,,,,
1416530770.32133,pg_catalog,pg_opclass,252,252,113160,1220093,0,0,0,0,0,0,678,486242,1569,137300,,,,
1416530770.32133,pg_catalog,pg_rewrite,0,0,4393,3478,305,0,305,0,110,4,2323,3698,1045,6437,1166,1104,666,5302
1416530770.32133,pg_toast,pg_toast_1255,0,0,0,0,0,0,0,0,0,0,0,0,0,0,,,,
1416530770.32133,pg_catalog,pg_seclabel,0,0,2478,0,0,0,0,0,0,0,0,0,269,2209,0,0,0,0
1416530770.32133,pg_catalog,pg_ts_parser,0,0,0,0,0,0,0,0,0,0,0,0,0,0,,,,
1416530770.32133,pg_catalog,pg_trigger,0,0,0,0,0,0,0,0,0,0,0,0,0,0,0,0,0,0
1416530770.32133,pg_catalog,pg_shseclabel,0,0,0,0,0,0,0,0,0,0,0,0,0,0,,,,
1416530770.32133,pg_catalog,pg_event_trigger,0,0,985,0,0,0,0,0,0,0,0,0,286,699,,,,
1416530770.32133,public,region,6531,32630,12,12,5,0,0,0,5,0,2,6538,4,12,,,,
1416530770.32133,pg_catalog,pg_foreign_table,0,0,0,0,0,0,0,0,0,0,0,0,0,0,,,,
1416530770.32133,pg_catalog,pg_extension,0,0,0,0,0,0,0,0,0,0,0,0,0,0,,,,
1416530770.32133,pg_catalog,pg_ts_config,0,0,0,0,0,0,0,0,0,0,0,0,0,0,,,,
1416530770.32133,pg_catalog,pg_shdescription,0,0,0,0,0,0,0,0,0,0,0,0,0,0,0,0,0,0
1416530770.32133,pg_catalog,pg_cast,0,0,599054,142042,0,0,0,0,0,0,689,141353,445,615776,,,,
1416530770.32133,pg_catalog,pg_amop,0,0,153721,270904,0,0,0,0,0,0,1208,259135,2704,325808,,,,
1416530770.32133,pg_catalog,pg_user_mapping,0,0,0,0,0,0,0,0,0,0,0,0,0,0,,,,
1416530770.32133,pg_catalog,pg_type,0,0,424142,419943,1123,0,1104,0,360,41,2603,422175,4056,871811,,,,
1416530770.32133,information_schema,sql_parts,0,0,,,0,0,0,0,0,0,0,0,,,0,0,0,0
1416530770.32133,pg_catalog,pg_largeobject,0,0,0,0,0,0,0,0,0,0,0,0,0,0,,,,
1416530770.32133,public,nation,16,125,26146,26146,25,0,0,0,25,0,3,26150,6,26152,,,,
1416530770.32133,pg_catalog,pg_ts_config_map,0,0,0,0,0,0,0,0,0,0,0,0,0,0,,,,
1416530770.32133,pg_catalog,pg_largeobject_metadata,0,0,0,0,0,0,0,0,0,0,0,0,0,0,,,,
1416530770.32133,pg_catalog,pg_am,22870,22870,0,0,0,0,0,0,0,0,222,22648,0,0,,,,
1416530770.32133,pg_toast,pg_toast_12718,0,0,0,0,0,0,0,0,0,0,0,0,0,0,,,,
1416530770.32133,pg_catalog,pg_ts_template,0,0,0,0,0,0,0,0,0,0,0,0,0,0,,,,
1416530770.32133,pg_catalog,pg_foreign_server,0,0,0,0,0,0,0,0,0,0,0,0,0,0,,,,
1416530770.32133,pg_catalog,pg_namespace,810,19222,95606,77823,36,0,0,0,36,0,256,78468,1135,113636,,,,
1416530770.32133,pg_toast,pg_toast_2619,0,0,68825,234188,3188,0,2938,0,260,12,23229,91569,1302,127085,,,,
1416530770.32133,pg_catalog,pg_authid,441,441,35697,35697,0,0,0,0,0,0,197,35941,925,70469,,,,
1416530770.32133,public,part,10,16000000,47,2023557,2000000,0,0,0,2000000,0,138207,409551,5662,161,,,,
1416530770.32133,pg_catalog,pg_default_acl,0,0,2268,0,0,0,0,0,0,0,0,0,257,2011,,,,
1416530770.32133,pg_catalog,pg_shdepend,0,0,3083,604,0,0,0,0,0,0,285,319,1137,3072,,,,
1416530770.32133,pg_catalog,pg_constraint,0,0,168,80,88,0,80,0,10,24,49,478,88,868,0,0,0,0
1416530770.32133,public,customer,10,9000000,28,28,1500000,0,0,0,1500000,0,68533,294885,10,114,,,,
1416530770.32133,pg_catalog,pg_index,2668,251147,193420,277676,460,0,432,0,143,0,2127,265747,1325,221282,,,,
1416530770.32133,pg_catalog,pg_ts_dict,0,0,0,0,0,0,0,0,0,0,0,0,0,0,,,,
1416530770.32133,pg_toast,pg_toast_2604,0,0,0,0,0,0,0,0,0,0,0,0,0,0,,,,
1416530770.32133,pg_catalog,pg_proc,0,0,156153,231987,0,0,0,0,0,0,15070,153553,6239,339849,0,0,0,0
1416530830.32229,pg_catalog,pg_attrdef,0,0,0,0,0,0,0,0,0,0,0,0,0,0,0,0,0,0
1416530830.32229,pg_catalog,pg_db_role_setting,0,0,74056,0,0,0,0,0,0,0,0,0,186,73870,0,0,0,0
1416530830.32229,pg_toast,pg_toast_12713,0,0,0,0,0,0,0,0,0,0,0,0,0,0,,,,
1416530830.32229,pg_catalog,pg_rowsecurity,0,0,0,0,0,0,0,0,0,0,0,0,0,0,,,,
1416530830.32229,pg_catalog,pg_description,0,0,2478,0,0,0,0,0,0,0,0,0,835,4678,0,0,0,0
1416530830.32229,pg_catalog,pg_foreign_data_wrapper,0,0,0,0,0,0,0,0,0,0,0,0,0,0,,,,
1416530830.32229,pg_catalog,pg_conversion,0,0,0,0,0,0,0,0,0,0,0,0,0,0,,,,
1416530830.32229,public,time_statistics,10,64,,,12,10,0,10,12,10,3,29,,,,,,
1416530830.32229,public,partsupp,6,32000000,48138,1715522,8000000,0,0,0,8000000,0,639642,2461103,33944,115562,,,,
1416530830.32229,pg_catalog,pg_class,5215,1119348,444788,408131,1027,305,989,298,337,48,4045,453411,3896,930739,,,,
1416530830.32229,information_schema,sql_implementation_info,0,0,,,0,0,0,0,0,0,0,0,,,0,0,0,0
1416530830.32229,pg_catalog,pg_opfamily,0,0,0,0,0,0,0,0,0,0,0,0,0,0,,,,
1416530830.32229,pg_catalog,pg_auth_members,0,0,0,0,0,0,0,0,0,0,0,0,0,0,,,,
1416530830.32229,pg_catalog,pg_operator,0,0,138454,720099,0,0,0,0,0,0,3501,498809,2949,300331,,,,
1416530830.32229,information_schema,sql_languages,0,0,,,0,0,0,0,0,0,0,0,,,0,0,0,0
1416530830.32229,pg_toast,pg_toast_12693,0,0,0,0,0,0,0,0,0,0,0,0,0,0,,,,
1416530830.32229,pg_catalog,pg_attribute,1386,9450,360502,812445,3784,110,3606,81,2514,12,11817,407484,3408,756045,,,,
1416530830.32229,pg_toast,pg_toast_12698,0,0,0,0,0,0,0,0,0,0,0,0,0,0,,,,
1416530830.32229,pg_catalog,pg_tablespace,2,4,12706,12706,0,0,0,0,0,0,322,12386,675,24801,,,,
1416530830.32229,pg_catalog,pg_statistic,0,0,97416,93489,875,2318,812,1851,464,46,8883,91608,1080,209482,23239,91597,1303,127147
1416530830.32229,pg_toast,pg_toast_12703,0,0,0,0,0,0,0,0,0,0,0,0,0,0,,,,
1416530830.32229,information_schema,sql_packages,0,0,,,0,0,0,0,0,0,0,0,,,0,0,0,0
1416530830.32229,information_schema,sql_sizing_profiles,0,0,,,0,0,0,0,0,0,0,0,,,0,0,0,0
1416530830.32229,pg_catalog,pg_aggregate,0,0,9517,9517,0,0,0,0,0,0,650,8867,1499,15094,,,,
1416530830.32229,pg_catalog,pg_inherits,0,0,557,0,0,0,0,0,0,0,0,0,297,260,,,,
1416530830.32229,pg_catalog,pg_enum,0,0,0,0,0,0,0,0,0,0,0,0,0,0,,,,
1416530830.32229,pg_toast,pg_toast_2396,0,0,0,0,0,0,0,0,0,0,0,0,0,0,,,,
1416530830.32229,pg_catalog,pg_pltemplate,0,0,0,0,0,0,0,0,0,0,0,0,0,0,,,,
1416530830.32229,pg_toast,pg_toast_2618,0,0,1855,5922,0,0,0,0,0,0,1172,1105,334,2660,,,,
1416530830.32229,pg_toast,pg_toast_3596,0,0,0,0,0,0,0,0,0,0,0,0,0,0,,,,
1416530830.32229,information_schema,sql_features,0,0,,,0,0,0,0,0,0,0,0,,,0,0,0,0
1416530830.32229,pg_toast,pg_toast_2606,0,0,0,0,0,0,0,0,0,0,0,0,0,0,,,,
1416530830.32229,public,supplier,9,500000,3320055,3324108,100000,0,0,0,100000,0,6595,3335451,578,6657035,,,,
1416530830.32229,pg_toast,pg_toast_12723,0,0,0,0,0,0,0,0,0,0,0,0,0,0,,,,
1416530830.32229,pg_toast,pg_toast_2964,0,0,0,0,0,0,0,0,0,0,0,0,0,0,,,,
1416530830.32229,pg_catalog,pg_database,1158,4380,59689,59687,1,0,0,0,1,0,127,60719,876,95801,,,,
1416530830.32229,public,orders,11,75015000,3679305,3679305,15015000,0,0,0,15015000,0,1309556,4687418,85120,11108514,,,,
1416530830.32229,information_schema,sql_sizing,0,0,,,0,0,0,0,0,0,0,0,,,0,0,0,0
1416530830.32229,public,lineitem,15,659965806,539596,25995325,60045669,0,0,0,60045728,0,11877389,21064059,279723,3400452,,,,
1416530830.32229,pg_toast,pg_toast_2620,0,0,0,0,0,0,0,0,0,0,0,0,0,0,,,,
1416530830.32229,pg_catalog,pg_depend,0,0,23416,25152,4337,0,4247,0,7107,1218,4324,28820,6430,60273,,,,
1416530830.32229,pg_catalog,pg_language,0,0,0,0,0,0,0,0,0,0,0,0,0,0,,,,
1416530830.32229,pg_catalog,pg_amproc,252,504,83469,202096,0,0,0,0,0,0,1160,81814,754,184323,,,,
1416530830.32229,pg_catalog,pg_collation,0,0,0,0,0,0,0,0,0,0,0,0,0,0,,,,
1416530830.32229,pg_toast,pg_toast_12708,0,0,0,0,0,0,0,0,0,0,0,0,0,0,,,,
1416530830.32229,pg_catalog,pg_range,0,0,4278,0,0,0,0,0,0,0,0,0,1505,7051,,,,
1416530830.32229,pg_toast,pg_toast_2609,0,0,0,0,0,0,0,0,0,0,0,0,0,0,,,,
1416530830.32229,pg_catalog,pg_opclass,252,252,113216,1220721,0,0,0,0,0,0,678,486490,1569,137374,,,,
1416530830.32229,pg_catalog,pg_rewrite,0,0,4401,3486,305,0,305,0,110,4,2329,3700,1045,6451,1172,1105,668,5320
1416530830.32229,pg_toast,pg_toast_1255,0,0,0,0,0,0,0,0,0,0,0,0,0,0,,,,
1416530830.32229,pg_catalog,pg_seclabel,0,0,2478,0,0,0,0,0,0,0,0,0,269,2209,0,0,0,0
1416530830.32229,pg_catalog,pg_ts_parser,0,0,0,0,0,0,0,0,0,0,0,0,0,0,,,,
1416530830.32229,pg_catalog,pg_trigger,0,0,0,0,0,0,0,0,0,0,0,0,0,0,0,0,0,0
1416530830.32229,pg_catalog,pg_shseclabel,0,0,0,0,0,0,0,0,0,0,0,0,0,0,,,,
1416530830.32229,pg_catalog,pg_event_trigger,0,0,985,0,0,0,0,0,0,0,0,0,286,699,,,,
1416530830.32229,public,region,6532,32635,14,14,5,0,0,0,5,0,3,6540,6,13,,,,
1416530830.32229,pg_catalog,pg_foreign_table,0,0,0,0,0,0,0,0,0,0,0,0,0,0,,,,
1416530830.32229,pg_catalog,pg_extension,0,0,0,0,0,0,0,0,0,0,0,0,0,0,,,,
1416530830.32229,pg_catalog,pg_ts_config,0,0,0,0,0,0,0,0,0,0,0,0,0,0,,,,
1416530830.32229,pg_catalog,pg_shdescription,0,0,0,0,0,0,0,0,0,0,0,0,0,0,0,0,0,0
1416530830.32229,pg_catalog,pg_cast,0,0,599423,142126,0,0,0,0,0,0,689,141437,445,616157,,,,
1416530830.32229,pg_catalog,pg_amop,0,0,153814,271068,0,0,0,0,0,0,1208,259294,2704,326010,,,,
1416530830.32229,pg_catalog,pg_user_mapping,0,0,0,0,0,0,0,0,0,0,0,0,0,0,,,,
1416530830.32229,pg_catalog,pg_type,0,0,424438,420239,1123,0,1104,0,360,41,2603,422471,4060,872412,,,,
1416530830.32229,information_schema,sql_parts,0,0,,,0,0,0,0,0,0,0,0,,,0,0,0,0
1416530830.32229,pg_catalog,pg_largeobject,0,0,0,0,0,0,0,0,0,0,0,0,0,0,,,,
1416530830.32229,public,nation,18,175,26152,26152,25,0,0,0,25,0,4,26157,8,26157,,,,
1416530830.32229,pg_catalog,pg_ts_config_map,0,0,0,0,0,0,0,0,0,0,0,0,0,0,,,,
1416530830.32229,pg_catalog,pg_largeobject_metadata,0,0,0,0,0,0,0,0,0,0,0,0,0,0,,,,
1416530830.32229,pg_catalog,pg_am,22883,22883,0,0,0,0,0,0,0,0,222,22661,0,0,,,,
1416530830.32229,pg_toast,pg_toast_12718,0,0,0,0,0,0,0,0,0,0,0,0,0,0,,,,
1416530830.32229,pg_catalog,pg_ts_template,0,0,0,0,0,0,0,0,0,0,0,0,0,0,,,,
1416530830.32229,pg_catalog,pg_foreign_server,0,0,0,0,0,0,0,0,0,0,0,0,0,0,,,,
1416530830.32229,pg_catalog,pg_namespace,812,19306,95784,77989,36,0,0,0,36,0,256,78636,1136,113827,,,,
1416530830.32229,pg_toast,pg_toast_2619,0,0,68854,234273,3188,0,2938,0,260,12,23239,91597,1303,127147,,,,
1416530830.32229,pg_catalog,pg_authid,442,442,35719,35719,0,0,0,0,0,0,197,35964,925,70513,,,,
1416530830.32229,public,part,10,16000000,52,2037261,2000000,0,0,0,2000000,0,149873,409570,5748,178,,,,
1416530830.32229,pg_catalog,pg_default_acl,0,0,2268,0,0,0,0,0,0,0,0,0,257,2011,,,,
1416530830.32229,pg_catalog,pg_shdepend,0,0,3083,604,0,0,0,0,0,0,285,319,1137,3072,,,,
1416530830.32229,pg_catalog,pg_constraint,0,0,168,80,88,0,80,0,10,24,49,478,88,868,0,0,0,0
1416530830.32229,public,customer,11,10500000,41,299874,1500000,0,0,0,1500000,0,103811,440210,851,143,,,,
1416530830.32229,pg_catalog,pg_index,2673,251862,193534,277837,460,0,432,0,143,0,2127,265920,1325,221417,,,,
1416530830.32229,pg_catalog,pg_ts_dict,0,0,0,0,0,0,0,0,0,0,0,0,0,0,,,,
1416530830.32229,pg_toast,pg_toast_2604,0,0,0,0,0,0,0,0,0,0,0,0,0,0,,,,
1416530830.32229,pg_catalog,pg_proc,0,0,156287,232184,0,0,0,0,0,0,15076,153702,6239,340141,0,0,0,0
1416530890.32556,pg_catalog,pg_attrdef,0,0,0,0,0,0,0,0,0,0,0,0,0,0,0,0,0,0
1416530890.32556,pg_catalog,pg_db_role_setting,0,0,74108,0,0,0,0,0,0,0,0,0,186,73922,0,0,0,0
1416530890.32556,pg_toast,pg_toast_12713,0,0,0,0,0,0,0,0,0,0,0,0,0,0,,,,
1416530890.32556,pg_catalog,pg_rowsecurity,0,0,0,0,0,0,0,0,0,0,0,0,0,0,,,,
1416530890.32556,pg_catalog,pg_description,0,0,2478,0,0,0,0,0,0,0,0,0,835,4678,0,0,0,0
1416530890.32556,pg_catalog,pg_foreign_data_wrapper,0,0,0,0,0,0,0,0,0,0,0,0,0,0,,,,
1416530890.32556,pg_catalog,pg_conversion,0,0,0,0,0,0,0,0,0,0,0,0,0,0,,,,
1416530890.32556,public,time_statistics,12,89,,,14,12,0,12,14,12,3,35,,,,,,
1416530890.32556,public,partsupp,6,32000000,48138,1715522,8000000,0,0,0,8000000,0,639642,2461103,33944,115562,,,,
1416530890.32556,pg_catalog,pg_class,5225,1122398,445211,408544,1027,305,989,298,337,48,4046,453924,3898,931610,,,,
1416530890.32556,information_schema,sql_implementation_info,0,0,,,0,0,0,0,0,0,0,0,,,0,0,0,0
1416530890.32556,pg_catalog,pg_opfamily,0,0,0,0,0,0,0,0,0,0,0,0,0,0,,,,
1416530890.32556,pg_catalog,pg_auth_members,0,0,0,0,0,0,0,0,0,0,0,0,0,0,,,,
1416530890.32556,pg_catalog,pg_operator,0,0,138498,720265,0,0,0,0,0,0,3501,498925,2949,300434,,,,
1416530890.32556,information_schema,sql_languages,0,0,,,0,0,0,0,0,0,0,0,,,0,0,0,0
1416530890.32556,pg_toast,pg_toast_12693,0,0,0,0,0,0,0,0,0,0,0,0,0,0,,,,
1416530890.32556,pg_catalog,pg_attribute,1386,9450,360757,812905,3784,110,3606,81,2514,12,11819,407750,3408,756567,,,,
1416530890.32556,pg_toast,pg_toast_12698,0,0,0,0,0,0,0,0,0,0,0,0,0,0,,,,
1416530890.32556,pg_catalog,pg_tablespace,2,4,12715,12715,0,0,0,0,0,0,322,12395,675,24819,,,,
1416530890.32556,pg_catalog,pg_statistic,0,0,97462,93525,875,2318,812,1851,464,46,8889,91638,1080,209582,23250,91614,1303,127192
1416530890.32556,pg_toast,pg_toast_12703,0,0,0,0,0,0,0,0,0,0,0,0,0,0,,,,
1416530890.32556,information_schema,sql_packages,0,0,,,0,0,0,0,0,0,0,0,,,0,0,0,0
1416530890.32556,information_schema,sql_sizing_profiles,0,0,,,0,0,0,0,0,0,0,0,,,0,0,0,0
1416530890.32556,pg_catalog,pg_aggregate,0,0,9521,9521,0,0,0,0,0,0,650,8871,1499,15101,,,,
1416530890.32556,pg_catalog,pg_inherits,0,0,557,0,0,0,0,0,0,0,0,0,297,260,,,,
1416530890.32556,pg_catalog,pg_enum,0,0,0,0,0,0,0,0,0,0,0,0,0,0,,,,
1416530890.32556,pg_toast,pg_toast_2396,0,0,0,0,0,0,0,0,0,0,0,0,0,0,,,,
1416530890.32556,pg_catalog,pg_pltemplate,0,0,0,0,0,0,0,0,0,0,0,0,0,0,,,,
1416530890.32556,pg_toast,pg_toast_2618,0,0,1859,5936,0,0,0,0,0,0,1176,1106,335,2665,,,,
1416530890.32556,pg_toast,pg_toast_3596,0,0,0,0,0,0,0,0,0,0,0,0,0,0,,,,
1416530890.32556,information_schema,sql_features,0,0,,,0,0,0,0,0,0,0,0,,,0,0,0,0
1416530890.32556,pg_toast,pg_toast_2606,0,0,0,0,0,0,0,0,0,0,0,0,0,0,,,,
1416530890.32556,public,supplier,9,500000,3320060,3328103,100000,0,0,0,100000,0,6595,3337297,591,6657046,,,,
1416530890.32556,pg_toast,pg_toast_12723,0,0,0,0,0,0,0,0,0,0,0,0,0,0,,,,
1416530890.32556,pg_toast,pg_toast_2964,0,0,0,0,0,0,0,0,0,0,0,0,0,0,,,,
1416530890.32556,pg_catalog,pg_database,1161,4392,59736,59734,1,0,0,0,1,0,127,60769,876,95874,,,,
1416530890.32556,public,orders,12,90030000,5195106,5195106,15015000,0,0,0,15015000,0,1423097,6343200,85164,15664176,,,,
1416530890.32556,information_schema,sql_sizing,0,0,,,0,0,0,0,0,0,0,0,,,0,0,0,0
1416530890.32556,public,lineitem,15,659965806,1976347,65755869,60045669,0,0,0,60045728,0,12687431,22860237,546611,8989513,,,,
1416530890.32556,pg_toast,pg_toast_2620,0,0,0,0,0,0,0,0,0,0,0,0,0,0,,,,
1416530890.32556,pg_catalog,pg_depend,0,0,23416,25152,4337,0,4247,0,7107,1218,4324,28820,6430,60273,,,,
1416530890.32556,pg_catalog,pg_language,0,0,0,0,0,0,0,0,0,0,0,0,0,0,,,,
1416530890.32556,pg_catalog,pg_amproc,252,504,83508,202156,0,0,0,0,0,0,1160,81852,754,184413,,,,
1416530890.32556,pg_catalog,pg_collation,0,0,0,0,0,0,0,0,0,0,0,0,0,0,,,,
1416530890.32556,pg_toast,pg_toast_12708,0,0,0,0,0,0,0,0,0,0,0,0,0,0,,,,
1416530890.32556,pg_catalog,pg_range,0,0,4280,0,0,0,0,0,0,0,0,0,1507,7053,,,,
1416530890.32556,pg_toast,pg_toast_2609,0,0,0,0,0,0,0,0,0,0,0,0,0,0,,,,
1416530890.32556,pg_catalog,pg_opclass,252,252,113264,1221260,0,0,0,0,0,0,678,486702,1569,137439,,,,
1416530890.32556,pg_catalog,pg_rewrite,0,0,4407,3492,305,0,305,0,110,4,2333,3702,1045,6461,1176,1106,670,5330
1416530890.32556,pg_toast,pg_toast_1255,0,0,0,0,0,0,0,0,0,0,0,0,0,0,,,,
1416530890.32556,pg_catalog,pg_seclabel,0,0,2478,0,0,0,0,0,0,0,0,0,269,2209,0,0,0,0
1416530890.32556,pg_catalog,pg_ts_parser,0,0,0,0,0,0,0,0,0,0,0,0,0,0,,,,
1416530890.32556,pg_catalog,pg_trigger,0,0,0,0,0,0,0,0,0,0,0,0,0,0,0,0,0,0
1416530890.32556,pg_catalog,pg_shseclabel,0,0,0,0,0,0,0,0,0,0,0,0,0,0,,,,
1416530890.32556,pg_catalog,pg_event_trigger,0,0,985,0,0,0,0,0,0,0,0,0,286,699,,,,
1416530890.32556,public,region,6532,32635,14,14,5,0,0,0,5,0,3,6540,6,13,,,,
1416530890.32556,pg_catalog,pg_foreign_table,0,0,0,0,0,0,0,0,0,0,0,0,0,0,,,,
1416530890.32556,pg_catalog,pg_extension,0,0,0,0,0,0,0,0,0,0,0,0,0,0,,,,
1416530890.32556,pg_catalog,pg_ts_config,0,0,0,0,0,0,0,0,0,0,0,0,0,0,,,,
1416530890.32556,pg_catalog,pg_shdescription,0,0,0,0,0,0,0,0,0,0,0,0,0,0,0,0,0,0
1416530890.32556,pg_catalog,pg_cast,0,0,599639,142184,0,0,0,0,0,0,689,141495,445,616383,,,,
1416530890.32556,pg_catalog,pg_amop,0,0,153884,271191,0,0,0,0,0,0,1208,259414,2704,326162,,,,
1416530890.32556,pg_catalog,pg_user_mapping,0,0,0,0,0,0,0,0,0,0,0,0,0,0,,,,
1416530890.32556,pg_catalog,pg_type,0,0,424633,420432,1123,0,1104,0,360,41,2603,422664,4063,872810,,,,
1416530890.32556,information_schema,sql_parts,0,0,,,0,0,0,0,0,0,0,0,,,0,0,0,0
1416530890.32556,pg_catalog,pg_largeobject,0,0,0,0,0,0,0,0,0,0,0,0,0,0,,,,
1416530890.32556,public,nation,19,200,26154,26154,25,0,0,0,25,0,4,26160,8,26160,,,,
1416530890.32556,pg_catalog,pg_ts_config_map,0,0,0,0,0,0,0,0,0,0,0,0,0,0,,,,
1416530890.32556,pg_catalog,pg_largeobject_metadata,0,0,0,0,0,0,0,0,0,0,0,0,0,0,,,,
1416530890.32556,pg_catalog,pg_am,22895,22895,0,0,0,0,0,0,0,0,222,22673,0,0,,,,
1416530890.32556,pg_toast,pg_toast_12718,0,0,0,0,0,0,0,0,0,0,0,0,0,0,,,,
1416530890.32556,pg_catalog,pg_ts_template,0,0,0,0,0,0,0,0,0,0,0,0,0,0,,,,
1416530890.32556,pg_catalog,pg_foreign_server,0,0,0,0,0,0,0,0,0,0,0,0,0,0,,,,
1416530890.32556,pg_catalog,pg_namespace,814,19390,95955,78150,36,0,0,0,36,0,256,78799,1137,114009,,,,
1416530890.32556,pg_toast,pg_toast_2619,0,0,68874,234337,3188,0,2938,0,260,12,23250,91614,1303,127192,,,,
1416530890.32556,pg_catalog,pg_authid,443,443,35741,35741,0,0,0,0,0,0,197,35987,925,70557,,,,
1416530890.32556,public,part,10,16000000,52,2037261,2000000,0,0,0,2000000,0,149873,409570,5748,178,,,,
1416530890.32556,pg_catalog,pg_default_acl,0,0,2268,0,0,0,0,0,0,0,0,0,257,2011,,,,
1416530890.32556,pg_catalog,pg_shdepend,0,0,3083,604,0,0,0,0,0,0,285,319,1137,3072,,,,
1416530890.32556,pg_catalog,pg_constraint,0,0,168,80,88,0,80,0,10,24,49,478,88,868,0,0,0,0
1416530890.32556,public,customer,12,12000000,43,299876,1500000,0,0,0,1500000,0,125978,453323,860,145,,,,
1416530890.32556,pg_catalog,pg_index,2678,252577,193614,277945,460,0,432,0,143,0,2127,266046,1325,221515,,,,
1416530890.32556,pg_catalog,pg_ts_dict,0,0,0,0,0,0,0,0,0,0,0,0,0,0,,,,
1416530890.32556,pg_toast,pg_toast_2604,0,0,0,0,0,0,0,0,0,0,0,0,0,0,,,,
1416530890.32556,pg_catalog,pg_proc,0,0,156396,232323,0,0,0,0,0,0,15087,153812,6241,340377,0,0,0,0
1416530950.32948,pg_catalog,pg_attrdef,0,0,0,0,0,0,0,0,0,0,0,0,0,0,0,0,0,0
1416530950.32948,pg_catalog,pg_db_role_setting,0,0,74208,0,0,0,0,0,0,0,0,0,186,74022,0,0,0,0
1416530950.32948,pg_toast,pg_toast_12713,0,0,0,0,0,0,0,0,0,0,0,0,0,0,,,,
1416530950.32948,pg_catalog,pg_rowsecurity,0,0,0,0,0,0,0,0,0,0,0,0,0,0,,,,
1416530950.32948,pg_catalog,pg_description,0,0,2482,0,0,0,0,0,0,0,0,0,838,4684,0,0,0,0
1416530950.32948,pg_catalog,pg_foreign_data_wrapper,0,0,0,0,0,0,0,0,0,0,0,0,0,0,,,,
1416530950.32948,pg_catalog,pg_conversion,0,0,0,0,0,0,0,0,0,0,0,0,0,0,,,,
1416530950.32948,public,time_statistics,18,188,,,20,18,0,18,20,18,3,53,,,,,,
1416530950.32948,public,partsupp,7,40000000,56014,2344812,8000000,0,0,0,8000000,0,850823,3050170,38475,136481,,,,
1416530950.32948,pg_catalog,pg_class,5235,1125448,445802,409105,1028,306,990,299,337,50,4049,454590,3901,932845,,,,
1416530950.32948,information_schema,sql_implementation_info,0,0,,,0,0,0,0,0,0,0,0,,,0,0,0,0
1416530950.32948,pg_catalog,pg_opfamily,0,0,0,0,0,0,0,0,0,0,0,0,0,0,,,,
1416530950.32948,pg_catalog,pg_auth_members,0,0,0,0,0,0,0,0,0,0,0,0,0,0,,,,
1416530950.32948,pg_catalog,pg_operator,0,0,138618,720911,0,0,0,0,0,0,3501,499367,2951,300705,,,,
1416530950.32948,information_schema,sql_languages,0,0,,,0,0,0,0,0,0,0,0,,,0,0,0,0
1416530950.32948,pg_toast,pg_toast_12693,0,0,0,0,0,0,0,0,0,0,0,0,0,0,,,,
1416530950.32948,pg_catalog,pg_attribute,1386,9450,361170,813735,3786,110,3608,81,2514,14,11832,408180,3411,757422,,,,
1416530950.32948,pg_toast,pg_toast_12698,0,0,0,0,0,0,0,0,0,0,0,0,0,0,,,,
1416530950.32948,pg_catalog,pg_tablespace,2,4,12732,12732,0,0,0,0,0,0,322,12412,675,24853,,,,
1416530950.32948,pg_catalog,pg_statistic,0,0,97556,93594,875,2318,812,1851,464,46,8895,91701,1080,209787,23290,91654,1303,127305
1416530950.32948,pg_toast,pg_toast_12703,0,0,0,0,0,0,0,0,0,0,0,0,0,0,,,,
1416530950.32948,information_schema,sql_packages,0,0,,,0,0,0,0,0,0,0,0,,,0,0,0,0
1416530950.32948,information_schema,sql_sizing_profiles,0,0,,,0,0,0,0,0,0,0,0,,,0,0,0,0
1416530950.32948,pg_catalog,pg_aggregate,0,0,9531,9531,0,0,0,0,0,0,650,8881,1499,15118,,,,
1416530950.32948,pg_catalog,pg_inherits,0,0,558,0,0,0,0,0,0,0,0,0,298,260,,,,
1416530950.32948,pg_catalog,pg_enum,0,0,0,0,0,0,0,0,0,0,0,0,0,0,,,,
1416530950.32948,pg_toast,pg_toast_2396,0,0,0,0,0,0,0,0,0,0,0,0,0,0,,,,
1416530950.32948,pg_catalog,pg_pltemplate,0,0,0,0,0,0,0,0,0,0,0,0,0,0,,,,
1416530950.32948,pg_toast,pg_toast_2618,0,0,1864,5952,0,0,0,0,0,0,1176,1112,335,2673,,,,
1416530950.32948,pg_toast,pg_toast_3596,0,0,0,0,0,0,0,0,0,0,0,0,0,0,,,,
1416530950.32948,information_schema,sql_features,0,0,,,0,0,0,0,0,0,0,0,,,0,0,0,0
1416530950.32948,pg_toast,pg_toast_2606,0,0,0,0,0,0,0,0,0,0,0,0,0,0,,,,
1416530950.32948,public,supplier,9,500000,3320072,3420000,100000,0,0,0,100000,0,9621,3340100,843,6657077,,,,
1416530950.32948,pg_toast,pg_toast_12723,0,0,0,0,0,0,0,0,0,0,0,0,0,0,,,,
1416530950.32948,pg_toast,pg_toast_2964,0,0,0,0,0,0,0,0,0,0,0,0,0,0,,,,
1416530950.32948,pg_catalog,pg_database,1164,4404,59819,59817,1,0,0,0,1,0,127,60855,876,96007,,,,
1416530950.32948,public,orders,14,120060000,5195111,5763414,15015000,0,0,0,15015000,0,1423097,7077806,86718,15664197,,,,
1416530950.32948,information_schema,sql_sizing,0,0,,,0,0,0,0,0,0,0,0,,,0,0,0,0
1416530950.32948,public,lineitem,16,720011475,2544657,70777351,60045669,0,0,0,60045728,0,14649141,23792210,662241,11161009,,,,
1416530950.32948,pg_toast,pg_toast_2620,0,0,0,0,0,0,0,0,0,0,0,0,0,0,,,,
1416530950.32948,pg_catalog,pg_depend,0,0,23460,25204,4346,0,4256,0,7107,1227,4340,28866,6451,60378,,,,
1416530950.32948,pg_catalog,pg_language,0,0,0,0,0,0,0,0,0,0,0,0,0,0,,,,
1416530950.32948,pg_catalog,pg_amproc,252,504,83591,202280,0,0,0,0,0,0,1160,81933,754,184600,,,,
1416530950.32948,pg_catalog,pg_collation,0,0,0,0,0,0,0,0,0,0,0,0,0,0,,,,
1416530950.32948,pg_toast,pg_toast_12708,0,0,0,0,0,0,0,0,0,0,0,0,0,0,,,,
1416530950.32948,pg_catalog,pg_range,0,0,4286,0,0,0,0,0,0,0,0,0,1507,7065,,,,
1416530950.32948,pg_toast,pg_toast_2609,0,0,0,0,0,0,0,0,0,0,0,0,0,0,,,,
1416530950.32948,pg_catalog,pg_opclass,252,252,113368,1222503,0,0,0,0,0,0,678,487194,1569,137573,,,,
1416530950.32948,pg_catalog,pg_rewrite,0,0,4420,3502,306,0,306,0,110,5,2338,3715,1047,6481,1176,1112,670,5346
1416530950.32948,pg_toast,pg_toast_1255,0,0,0,0,0,0,0,0,0,0,0,0,0,0,,,,
1416530950.32948,pg_catalog,pg_seclabel,0,0,2482,0,0,0,0,0,0,0,0,0,270,2212,0,0,0,0
1416530950.32948,pg_catalog,pg_ts_parser,0,0,0,0,0,0,0,0,0,0,0,0,0,0,,,,
1416530950.32948,pg_catalog,pg_trigger,0,0,0,0,0,0,0,0,0,0,0,0,0,0,0,0,0,0
1416530950.32948,pg_catalog,pg_shseclabel,0,0,0,0,0,0,0,0,0,0,0,0,0,0,,,,
1416530950.32948,pg_catalog,pg_event_trigger,0,0,986,0,0,0,0,0,0,0,0,0,287,699,,,,
1416530950.32948,public,region,6532,32635,14,14,5,0,0,0,5,0,3,6540,6,13,,,,
1416530950.32948,pg_catalog,pg_foreign_table,0,0,0,0,0,0,0,0,0,0,0,0,0,0,,,,
1416530950.32948,pg_catalog,pg_extension,0,0,0,0,0,0,0,0,0,0,0,0,0,0,,,,
1416530950.32948,pg_catalog,pg_ts_config,0,0,0,0,0,0,0,0,0,0,0,0,0,0,,,,
1416530950.32948,pg_catalog,pg_shdescription,0,0,0,0,0,0,0,0,0,0,0,0,0,0,0,0,0,0
1416530950.32948,pg_catalog,pg_cast,0,0,600294,142334,0,0,0,0,0,0,689,141645,445,617061,,,,
1416530950.32948,pg_catalog,pg_amop,0,0,154039,271472,0,0,0,0,0,0,1208,259684,2706,326496,,,,
1416530950.32948,pg_catalog,pg_user_mapping,0,0,0,0,0,0,0,0,0,0,0,0,0,0,,,,
1416530950.32948,pg_catalog,pg_type,0,0,425159,420951,1125,0,1106,0,360,43,2607,423188,4066,873894,,,,
1416530950.32948,information_schema,sql_parts,0,0,,,0,0,0,0,0,0,0,0,,,0,0,0,0
1416530950.32948,pg_catalog,pg_largeobject,0,0,0,0,0,0,0,0,0,0,0,0,0,0,,,,
1416530950.32948,public,nation,21,250,26158,26158,25,0,0,0,25,0,5,26165,10,26163,,,,
1416530950.32948,pg_catalog,pg_ts_config_map,0,0,0,0,0,0,0,0,0,0,0,0,0,0,,,,
1416530950.32948,pg_catalog,pg_largeobject_metadata,0,0,0,0,0,0,0,0,0,0,0,0,0,0,,,,
1416530950.32948,pg_catalog,pg_am,22916,22916,0,0,0,0,0,0,0,0,222,22694,0,0,,,,
1416530950.32948,pg_toast,pg_toast_12718,0,0,0,0,0,0,0,0,0,0,0,0,0,0,,,,
1416530950.32948,pg_catalog,pg_ts_template,0,0,0,0,0,0,0,0,0,0,0,0,0,0,,,,
1416530950.32948,pg_catalog,pg_foreign_server,0,0,0,0,0,0,0,0,0,0,0,0,0,0,,,,
1416530950.32948,pg_catalog,pg_namespace,816,19474,96164,78336,36,0,0,0,36,0,256,78987,1137,114244,,,,
1416530950.32948,pg_toast,pg_toast_2619,0,0,68926,234516,3188,0,2938,0,260,12,23290,91654,1303,127305,,,,
1416530950.32948,pg_catalog,pg_authid,444,444,35787,35787,0,0,0,0,0,0,197,36034,925,70649,,,,
1416530950.32948,public,part,10,16000000,62,2357914,2000000,0,0,0,2000000,0,190392,409572,6647,189,,,,
1416530950.32948,pg_catalog,pg_default_acl,0,0,2272,0,0,0,0,0,0,0,0,0,258,2014,,,,
1416530950.32948,pg_catalog,pg_shdepend,0,0,3088,605,0,0,0,0,0,0,286,319,1141,3075,,,,
1416530950.32948,pg_catalog,pg_constraint,0,0,168,80,88,0,80,0,10,24,49,478,88,868,0,0,0,0
1416530950.32948,public,customer,12,12000000,64,1172785,1500000,0,0,0,1500000,0,125978,559045,3603,189,,,,
1416530950.32948,pg_catalog,pg_index,2683,253292,193782,278179,460,0,432,0,143,0,2127,266289,1325,221715,,,,
1416530950.32948,pg_catalog,pg_ts_dict,0,0,0,0,0,0,0,0,0,0,0,0,0,0,,,,
1416530950.32948,pg_toast,pg_toast_2604,0,0,0,0,0,0,0,0,0,0,0,0,0,0,,,,
1416530950.32948,pg_catalog,pg_proc,0,0,156598,232620,0,0,0,0,0,0,15093,154036,6244,340824,0,0,0,0
1416531010.32989,pg_catalog,pg_attrdef,0,0,0,0,0,0,0,0,0,0,0,0,0,0,0,0,0,0
1416531010.32989,pg_catalog,pg_db_role_setting,0,0,74236,0,0,0,0,0,0,0,0,0,186,74050,0,0,0,0
1416531010.32989,pg_toast,pg_toast_12713,0,0,0,0,0,0,0,0,0,0,0,0,0,0,,,,
1416531010.32989,pg_catalog,pg_rowsecurity,0,0,0,0,0,0,0,0,0,0,0,0,0,0,,,,
1416531010.32989,pg_catalog,pg_description,0,0,2482,0,0,0,0,0,0,0,0,0,838,4684,0,0,0,0
1416531010.32989,pg_catalog,pg_foreign_data_wrapper,0,0,0,0,0,0,0,0,0,0,0,0,0,0,,,,
1416531010.32989,pg_catalog,pg_conversion,0,0,0,0,0,0,0,0,0,0,0,0,0,0,,,,
1416531010.32989,public,time_statistics,18,188,,,20,18,0,18,20,18,3,53,,,,,,
1416531010.32989,public,partsupp,7,40000000,56014,2344812,8000000,0,0,0,8000000,0,850823,3050170,38475,136481,,,,
1416531010.32989,pg_catalog,pg_class,5246,1128835,446175,409478,1028,306,990,299,337,50,4050,455073,3903,933611,,,,
1416531010.32989,information_schema,sql_implementation_info,0,0,,,0,0,0,0,0,0,0,0,,,0,0,0,0
1416531010.32989,pg_catalog,pg_opfamily,0,0,0,0,0,0,0,0,0,0,0,0,0,0,,,,
1416531010.32989,pg_catalog,pg_auth_members,0,0,0,0,0,0,0,0,0,0,0,0,0,0,,,,
1416531010.32989,pg_catalog,pg_operator,0,0,138638,720931,0,0,0,0,0,0,3501,499387,2951,300756,,,,
1416531010.32989,information_schema,sql_languages,0,0,,,0,0,0,0,0,0,0,0,,,0,0,0,0
1416531010.32989,pg_toast,pg_toast_12693,0,0,0,0,0,0,0,0,0,0,0,0,0,0,,,,
1416531010.32989,pg_catalog,pg_attribute,1386,9450,361411,814155,3786,110,3608,81,2514,14,11842,408421,3413,757915,,,,
1416531010.32989,pg_toast,pg_toast_12698,0,0,0,0,0,0,0,0,0,0,0,0,0,0,,,,
1416531010.32989,pg_catalog,pg_tablespace,2,4,12737,12737,0,0,0,0,0,0,322,12417,675,24863,,,,
1416531010.32989,pg_catalog,pg_statistic,0,0,97588,93618,875,2318,812,1851,464,46,8902,91718,1082,209856,23291,91657,1303,127317
1416531010.32989,pg_toast,pg_toast_12703,0,0,0,0,0,0,0,0,0,0,0,0,0,0,,,,
1416531010.32989,information_schema,sql_packages,0,0,,,0,0,0,0,0,0,0,0,,,0,0,0,0
1416531010.32989,information_schema,sql_sizing_profiles,0,0,,,0,0,0,0,0,0,0,0,,,0,0,0,0
1416531010.32989,pg_catalog,pg_aggregate,0,0,9532,9532,0,0,0,0,0,0,650,8882,1499,15120,,,,
1416531010.32989,pg_catalog,pg_inherits,0,0,558,0,0,0,0,0,0,0,0,0,298,260,,,,
1416531010.32989,pg_catalog,pg_enum,0,0,0,0,0,0,0,0,0,0,0,0,0,0,,,,
1416531010.32989,pg_toast,pg_toast_2396,0,0,0,0,0,0,0,0,0,0,0,0,0,0,,,,
1416531010.32989,pg_catalog,pg_pltemplate,0,0,0,0,0,0,0,0,0,0,0,0,0,0,,,,
1416531010.32989,pg_toast,pg_toast_2618,0,0,1870,5970,0,0,0,0,0,0,1181,1114,337,2681,,,,
1416531010.32989,pg_toast,pg_toast_3596,0,0,0,0,0,0,0,0,0,0,0,0,0,0,,,,
1416531010.32989,information_schema,sql_features,0,0,,,0,0,0,0,0,0,0,0,,,0,0,0,0
1416531010.32989,pg_toast,pg_toast_2606,0,0,0,0,0,0,0,0,0,0,0,0,0,0,,,,
1416531010.32989,public,supplier,9,500000,3320072,3420000,100000,0,0,0,100000,0,9621,3340100,843,6657077,,,,
1416531010.32989,pg_toast,pg_toast_12723,0,0,0,0,0,0,0,0,0,0,0,0,0,0,,,,
1416531010.32989,pg_toast,pg_toast_2964,0,0,0,0,0,0,0,0,0,0,0,0,0,0,,,,
1416531010.32989,pg_catalog,pg_database,1167,4416,59848,59846,1,0,0,0,1,0,127,60887,876,96050,,,,
1416531010.32989,public,orders,14,120060000,5195111,5763414,15015000,0,0,0,15015000,0,1423097,7077806,86718,15664197,,,,
1416531010.32989,information_schema,sql_sizing,0,0,,,0,0,0,0,0,0,0,0,,,0,0,0,0
1416531010.32989,public,lineitem,16,720011475,2544657,70777351,60045669,0,0,0,60045728,0,14649141,23792210,662241,11161009,,,,
1416531010.32989,pg_toast,pg_toast_2620,0,0,0,0,0,0,0,0,0,0,0,0,0,0,,,,
1416531010.32989,pg_catalog,pg_depend,0,0,23460,25204,4346,0,4256,0,7107,1227,4340,28866,6451,60378,,,,
1416531010.32989,pg_catalog,pg_language,0,0,0,0,0,0,0,0,0,0,0,0,0,0,,,,
1416531010.32989,pg_catalog,pg_amproc,252,504,83617,202321,0,0,0,0,0,0,1160,81959,754,184661,,,,
1416531010.32989,pg_catalog,pg_collation,0,0,0,0,0,0,0,0,0,0,0,0,0,0,,,,
1416531010.32989,pg_toast,pg_toast_12708,0,0,0,0,0,0,0,0,0,0,0,0,0,0,,,,
1416531010.32989,pg_catalog,pg_range,0,0,4286,0,0,0,0,0,0,0,0,0,1507,7065,,,,
1416531010.32989,pg_toast,pg_toast_2609,0,0,0,0,0,0,0,0,0,0,0,0,0,0,,,,
1416531010.32989,pg_catalog,pg_opclass,252,252,113395,1222778,0,0,0,0,0,0,678,487301,1569,137613,,,,
1416531010.32989,pg_catalog,pg_rewrite,0,0,4429,3511,306,0,306,0,110,5,2343,3719,1047,6497,1181,1114,674,5362
1416531010.32989,pg_toast,pg_toast_1255,0,0,0,0,0,0,0,0,0,0,0,0,0,0,,,,
1416531010.32989,pg_catalog,pg_seclabel,0,0,2482,0,0,0,0,0,0,0,0,0,270,2212,0,0,0,0
1416531010.32989,pg_catalog,pg_ts_parser,0,0,0,0,0,0,0,0,0,0,0,0,0,0,,,,
1416531010.32989,pg_catalog,pg_trigger,0,0,0,0,0,0,0,0,0,0,0,0,0,0,0,0,0,0
1416531010.32989,pg_catalog,pg_shseclabel,0,0,0,0,0,0,0,0,0,0,0,0,0,0,,,,
1416531010.32989,pg_catalog,pg_event_trigger,0,0,986,0,0,0,0,0,0,0,0,0,287,699,,,,
1416531010.32989,public,region,6532,32635,14,14,5,0,0,0,5,0,3,6540,6,13,,,,
1416531010.32989,pg_catalog,pg_foreign_table,0,0,0,0,0,0,0,0,0,0,0,0,0,0,,,,
1416531010.32989,pg_catalog,pg_extension,0,0,0,0,0,0,0,0,0,0,0,0,0,0,,,,
1416531010.32989,pg_catalog,pg_ts_config,0,0,0,0,0,0,0,0,0,0,0,0,0,0,,,,
1416531010.32989,pg_catalog,pg_shdescription,0,0,0,0,0,0,0,0,0,0,0,0,0,0,0,0,0,0
1416531010.32989,pg_catalog,pg_cast,0,0,600399,142373,0,0,0,0,0,0,689,141684,445,617173,,,,
1416531010.32989,pg_catalog,pg_amop,0,0,154088,271549,0,0,0,0,0,0,1208,259761,2706,326606,,,,
1416531010.32989,pg_catalog,pg_user_mapping,0,0,0,0,0,0,0,0,0,0,0,0,0,0,,,,
1416531010.32989,pg_catalog,pg_type,0,0,425287,421079,1125,0,1106,0,360,43,2607,423316,4066,874157,,,,
1416531010.32989,information_schema,sql_parts,0,0,,,0,0,0,0,0,0,0,0,,,0,0,0,0
1416531010.32989,pg_catalog,pg_largeobject,0,0,0,0,0,0,0,0,0,0,0,0,0,0,,,,
1416531010.32989,public,nation,21,250,26158,26158,25,0,0,0,25,0,5,26165,10,26163,,,,
1416531010.32989,pg_catalog,pg_ts_config_map,0,0,0,0,0,0,0,0,0,0,0,0,0,0,,,,
1416531010.32989,pg_catalog,pg_largeobject_metadata,0,0,0,0,0,0,0,0,0,0,0,0,0,0,,,,
1416531010.32989,pg_catalog,pg_am,22925,22925,0,0,0,0,0,0,0,0,222,22703,0,0,,,,
1416531010.32989,pg_toast,pg_toast_12718,0,0,0,0,0,0,0,0,0,0,0,0,0,0,,,,
1416531010.32989,pg_catalog,pg_ts_template,0,0,0,0,0,0,0,0,0,0,0,0,0,0,,,,
1416531010.32989,pg_catalog,pg_foreign_server,0,0,0,0,0,0,0,0,0,0,0,0,0,0,,,,
1416531010.32989,pg_catalog,pg_namespace,818,19558,96328,78493,36,0,0,0,36,0,256,79146,1138,114416,,,,
1416531010.32989,pg_toast,pg_toast_2619,0,0,68930,234524,3188,0,2938,0,260,12,23291,91657,1303,127317,,,,
1416531010.32989,pg_catalog,pg_authid,445,445,35797,35797,0,0,0,0,0,0,197,36045,925,70669,,,,
1416531010.32989,public,part,10,16000000,62,2357914,2000000,0,0,0,2000000,0,190392,409572,6647,189,,,,
1416531010.32989,pg_catalog,pg_default_acl,0,0,2272,0,0,0,0,0,0,0,0,0,258,2014,,,,
1416531010.32989,pg_catalog,pg_shdepend,0,0,3088,605,0,0,0,0,0,0,286,319,1141,3075,,,,
1416531010.32989,pg_catalog,pg_constraint,0,0,168,80,88,0,80,0,10,24,49,478,88,868,0,0,0,0
1416531010.32989,public,customer,12,12000000,64,1172785,1500000,0,0,0,1500000,0,125978,559045,3603,189,,,,
1416531010.32989,pg_catalog,pg_index,2688,254007,193839,278253,460,0,432,0,143,0,2127,266376,1325,221788,,,,
1416531010.32989,pg_catalog,pg_ts_dict,0,0,0,0,0,0,0,0,0,0,0,0,0,0,,,,
1416531010.32989,pg_toast,pg_toast_2604,0,0,0,0,0,0,0,0,0,0,0,0,0,0,,,,
1416531010.32989,pg_catalog,pg_proc,0,0,156688,232759,0,0,0,0,0,0,15102,154138,6246,341016,0,0,0,0
1416531070.33385,pg_catalog,pg_attrdef,0,0,0,0,0,0,0,0,0,0,0,0,0,0,0,0,0,0
1416531070.33385,pg_catalog,pg_db_role_setting,0,0,74312,0,0,0,0,0,0,0,0,0,186,74126,0,0,0,0
1416531070.33385,pg_toast,pg_toast_12713,0,0,0,0,0,0,0,0,0,0,0,0,0,0,,,,
1416531070.33385,pg_catalog,pg_rowsecurity,0,0,0,0,0,0,0,0,0,0,0,0,0,0,,,,
1416531070.33385,pg_catalog,pg_description,0,0,2482,0,0,0,0,0,0,0,0,0,838,4684,0,0,0,0
1416531070.33385,pg_catalog,pg_foreign_data_wrapper,0,0,0,0,0,0,0,0,0,0,0,0,0,0,,,,
1416531070.33385,pg_catalog,pg_conversion,0,0,0,0,0,0,0,0,0,0,0,0,0,0,,,,
1416531070.33385,public,time_statistics,22,274,,,24,22,0,22,24,22,3,65,,,,,,
1416531070.33385,public,partsupp,7,40000000,56014,2344812,8000000,0,0,0,8000000,0,850823,3050170,38475,136481,,,,
1416531070.33385,pg_catalog,pg_class,5255,1131548,446683,409965,1028,306,990,299,337,50,4050,455651,3904,934661,,,,
1416531070.33385,information_schema,sql_implementation_info,0,0,,,0,0,0,0,0,0,0,0,,,0,0,0,0
1416531070.33385,pg_catalog,pg_opfamily,0,0,0,0,0,0,0,0,0,0,0,0,0,0,,,,
1416531070.33385,pg_catalog,pg_auth_members,0,0,0,0,0,0,0,0,0,0,0,0,0,0,,,,
1416531070.33385,pg_catalog,pg_operator,0,0,138743,721594,0,0,0,0,0,0,3501,499838,2953,300985,,,,
1416531070.33385,information_schema,sql_languages,0,0,,,0,0,0,0,0,0,0,0,,,0,0,0,0
1416531070.33385,pg_toast,pg_toast_12693,0,0,0,0,0,0,0,0,0,0,0,0,0,0,,,,
1416531070.33385,pg_catalog,pg_attribute,1386,9450,361753,814799,3786,110,3608,81,2514,14,11845,408777,3413,758615,,,,
1416531070.33385,pg_toast,pg_toast_12698,0,0,0,0,0,0,0,0,0,0,0,0,0,0,,,,
1416531070.33385,pg_catalog,pg_tablespace,2,4,12750,12750,0,0,0,0,0,0,322,12430,675,24889,,,,
1416531070.33385,pg_catalog,pg_statistic,0,0,97672,93686,875,2318,812,1851,464,46,8908,91780,1082,210035,23318,91694,1303,127406
1416531070.33385,pg_toast,pg_toast_12703,0,0,0,0,0,0,0,0,0,0,0,0,0,0,,,,
1416531070.33385,information_schema,sql_packages,0,0,,,0,0,0,0,0,0,0,0,,,0,0,0,0
1416531070.33385,information_schema,sql_sizing_profiles,0,0,,,0,0,0,0,0,0,0,0,,,0,0,0,0
1416531070.33385,pg_catalog,pg_aggregate,0,0,9540,9540,0,0,0,0,0,0,650,8890,1499,15133,,,,
1416531070.33385,pg_catalog,pg_inherits,0,0,558,0,0,0,0,0,0,0,0,0,298,260,,,,
1416531070.33385,pg_catalog,pg_enum,0,0,0,0,0,0,0,0,0,0,0,0,0,0,,,,
1416531070.33385,pg_toast,pg_toast_2396,0,0,0,0,0,0,0,0,0,0,0,0,0,0,,,,
1416531070.33385,pg_catalog,pg_pltemplate,0,0,0,0,0,0,0,0,0,0,0,0,0,0,,,,
1416531070.33385,pg_toast,pg_toast_2618,0,0,1874,5984,0,0,0,0,0,0,1181,1119,337,2687,,,,
1416531070.33385,pg_toast,pg_toast_3596,0,0,0,0,0,0,0,0,0,0,0,0,0,0,,,,
1416531070.33385,information_schema,sql_features,0,0,,,0,0,0,0,0,0,0,0,,,0,0,0,0
1416531070.33385,pg_toast,pg_toast_2606,0,0,0,0,0,0,0,0,0,0,0,0,0,0,,,,
1416531070.33385,public,supplier,10,600000,3320076,3420004,100000,0,0,0,100000,0,11641,3340263,847,6657084,,,,
1416531070.33385,pg_toast,pg_toast_12723,0,0,0,0,0,0,0,0,0,0,0,0,0,0,,,,
1416531070.33385,pg_toast,pg_toast_2964,0,0,0,0,0,0,0,0,0,0,0,0,0,0,,,,
1416531070.33385,pg_catalog,pg_database,1170,4428,59913,59911,1,0,0,0,1,0,127,60955,876,96153,,,,
1416531070.33385,public,orders,14,120060000,5195119,8609557,15015000,0,0,0,15015000,0,1863047,7118831,94505,15664208,,,,
1416531070.33385,information_schema,sql_sizing,0,0,,,0,0,0,0,0,0,0,0,,,0,0,0,0
1416531070.33385,public,lineitem,17,780057144,3007908,87436391,60045669,0,0,0,60045728,0,15901762,25209089,865041,12859411,,,,
1416531070.33385,pg_toast,pg_toast_2620,0,0,0,0,0,0,0,0,0,0,0,0,0,0,,,,
1416531070.33385,pg_catalog,pg_depend,0,0,23460,25204,4346,0,4256,0,7107,1227,4340,28866,6451,60378,,,,
1416531070.33385,pg_catalog,pg_language,0,0,0,0,0,0,0,0,0,0,0,0,0,0,,,,
1416531070.33385,pg_catalog,pg_amproc,252,504,83671,202407,0,0,0,0,0,0,1160,82012,754,184785,,,,
1416531070.33385,pg_catalog,pg_collation,0,0,0,0,0,0,0,0,0,0,0,0,0,0,,,,
1416531070.33385,pg_toast,pg_toast_12708,0,0,0,0,0,0,0,0,0,0,0,0,0,0,,,,
1416531070.33385,pg_catalog,pg_range,0,0,4290,0,0,0,0,0,0,0,0,0,1507,7073,,,,
1416531070.33385,pg_toast,pg_toast_2609,0,0,0,0,0,0,0,0,0,0,0,0,0,0,,,,
1416531070.33385,pg_catalog,pg_opclass,252,252,113470,1223630,0,0,0,0,0,0,678,487636,1569,137710,,,,
1416531070.33385,pg_catalog,pg_rewrite,0,0,4434,3516,306,0,306,0,110,5,2343,3724,1047,6505,1181,1119,674,5374
1416531070.33385,pg_toast,pg_toast_1255,0,0,0,0,0,0,0,0,0,0,0,0,0,0,,,,
1416531070.33385,pg_catalog,pg_seclabel,0,0,2482,0,0,0,0,0,0,0,0,0,270,2212,0,0,0,0
1416531070.33385,pg_catalog,pg_ts_parser,0,0,0,0,0,0,0,0,0,0,0,0,0,0,,,,
1416531070.33385,pg_catalog,pg_trigger,0,0,0,0,0,0,0,0,0,0,0,0,0,0,0,0,0,0
1416531070.33385,pg_catalog,pg_shseclabel,0,0,0,0,0,0,0,0,0,0,0,0,0,0,,,,
1416531070.33385,pg_catalog,pg_event_trigger,0,0,986,0,0,0,0,0,0,0,0,0,287,699,,,,
1416531070.33385,public,region,6533,32640,16,16,5,0,0,0,5,0,4,6542,8,14,,,,
1416531070.33385,pg_catalog,pg_foreign_table,0,0,0,0,0,0,0,0,0,0,0,0,0,0,,,,
1416531070.33385,pg_catalog,pg_extension,0,0,0,0,0,0,0,0,0,0,0,0,0,0,,,,
1416531070.33385,pg_catalog,pg_ts_config,0,0,0,0,0,0,0,0,0,0,0,0,0,0,,,,
1416531070.33385,pg_catalog,pg_shdescription,0,0,0,0,0,0,0,0,0,0,0,0,0,0,0,0,0,0
1416531070.33385,pg_catalog,pg_cast,0,0,600862,142476,0,0,0,0,0,0,689,141787,445,617651,,,,
1416531070.33385,pg_catalog,pg_amop,0,0,154201,271756,0,0,0,0,0,0,1208,259960,2708,326846,,,,
1416531070.33385,pg_catalog,pg_user_mapping,0,0,0,0,0,0,0,0,0,0,0,0,0,0,,,,
1416531070.33385,pg_catalog,pg_type,0,0,425663,421455,1125,0,1106,0,360,43,2607,423692,4067,874926,,,,
1416531070.33385,information_schema,sql_parts,0,0,,,0,0,0,0,0,0,0,0,,,0,0,0,0
1416531070.33385,pg_catalog,pg_largeobject,0,0,0,0,0,0,0,0,0,0,0,0,0,0,,,,
1416531070.33385,public,nation,22,275,26169,26193,25,0,0,0,25,0,5,26177,12,26174,,,,
1416531070.33385,pg_catalog,pg_ts_config_map,0,0,0,0,0,0,0,0,0,0,0,0,0,0,,,,
1416531070.33385,pg_catalog,pg_largeobject_metadata,0,0,0,0,0,0,0,0,0,0,0,0,0,0,,,,
1416531070.33385,pg_catalog,pg_am,22941,22941,0,0,0,0,0,0,0,0,222,22719,0,0,,,,
1416531070.33385,pg_toast,pg_toast_12718,0,0,0,0,0,0,0,0,0,0,0,0,0,0,,,,
1416531070.33385,pg_catalog,pg_ts_template,0,0,0,0,0,0,0,0,0,0,0,0,0,0,,,,
1416531070.33385,pg_catalog,pg_foreign_server,0,0,0,0,0,0,0,0,0,0,0,0,0,0,,,,
1416531070.33385,pg_catalog,pg_namespace,820,19642,96515,78665,36,0,0,0,36,0,256,79320,1138,114620,,,,
1416531070.33385,pg_toast,pg_toast_2619,0,0,68971,234670,3188,0,2938,0,260,12,23318,91694,1303,127406,,,,
1416531070.33385,pg_catalog,pg_authid,446,446,35831,35831,0,0,0,0,0,0,197,36080,925,70737,,,,
1416531070.33385,public,part,10,16000000,78,2368288,2000000,0,0,0,2000000,0,199593,409573,7920,749,,,,
1416531070.33385,pg_catalog,pg_default_acl,0,0,2272,0,0,0,0,0,0,0,0,0,258,2014,,,,
1416531070.33385,pg_catalog,pg_shdepend,0,0,3088,605,0,0,0,0,0,0,286,319,1141,3075,,,,
1416531070.33385,pg_catalog,pg_constraint,0,0,168,80,88,0,80,0,10,24,49,478,88,868,0,0,0,0
1416531070.33385,public,customer,13,13500000,77,1472286,1500000,0,0,0,1500000,0,196532,669091,4443,215,,,,
1416531070.33385,pg_catalog,pg_index,2693,254722,193967,278436,460,0,432,0,143,0,2127,266577,1325,221939,,,,
1416531070.33385,pg_catalog,pg_ts_dict,0,0,0,0,0,0,0,0,0,0,0,0,0,0,,,,
1416531070.33385,pg_toast,pg_toast_2604,0,0,0,0,0,0,0,0,0,0,0,0,0,0,,,,
1416531070.33385,pg_catalog,pg_proc,0,0,156855,232982,0,0,0,0,0,0,15114,154302,6249,341377,0,0,0,0
1416531130.33507,pg_catalog,pg_attrdef,0,0,0,0,0,0,0,0,0,0,0,0,0,0,0,0,0,0
1416531130.33507,pg_catalog,pg_db_role_setting,0,0,74364,0,0,0,0,0,0,0,0,0,186,74178,0,0,0,0
1416531130.33507,pg_toast,pg_toast_12713,0,0,0,0,0,0,0,0,0,0,0,0,0,0,,,,
1416531130.33507,pg_catalog,pg_rowsecurity,0,0,0,0,0,0,0,0,0,0,0,0,0,0,,,,
1416531130.33507,pg_catalog,pg_description,0,0,2482,0,0,0,0,0,0,0,0,0,838,4684,0,0,0,0
1416531130.33507,pg_catalog,pg_foreign_data_wrapper,0,0,0,0,0,0,0,0,0,0,0,0,0,0,,,,
1416531130.33507,pg_catalog,pg_conversion,0,0,0,0,0,0,0,0,0,0,0,0,0,0,,,,
1416531130.33507,public,time_statistics,24,323,,,26,24,0,24,26,24,3,71,,,,,,
1416531130.33507,public,partsupp,7,40000000,56014,2344812,8000000,0,0,0,8000000,0,850823,3050170,38475,136481,,,,
1416531130.33507,pg_catalog,pg_class,5265,1134598,447138,410409,1028,306,990,299,337,50,4051,456195,3904,935602,,,,
1416531130.33507,information_schema,sql_implementation_info,0,0,,,0,0,0,0,0,0,0,0,,,0,0,0,0
1416531130.33507,pg_catalog,pg_opfamily,0,0,0,0,0,0,0,0,0,0,0,0,0,0,,,,
1416531130.33507,pg_catalog,pg_auth_members,0,0,0,0,0,0,0,0,0,0,0,0,0,0,,,,
1416531130.33507,pg_catalog,pg_operator,0,0,138802,721814,0,0,0,0,0,0,3501,499994,2954,301119,,,,
1416531130.33507,information_schema,sql_languages,0,0,,,0,0,0,0,0,0,0,0,,,0,0,0,0
1416531130.33507,pg_toast,pg_toast_12693,0,0,0,0,0,0,0,0,0,0,0,0,0,0,,,,
1416531130.33507,pg_catalog,pg_attribute,1386,9450,362063,815381,3786,110,3608,81,2514,14,11845,409102,3413,759253,,,,
1416531130.33507,pg_toast,pg_toast_12698,0,0,0,0,0,0,0,0,0,0,0,0,0,0,,,,
1416531130.33507,pg_catalog,pg_tablespace,2,4,12759,12759,0,0,0,0,0,0,322,12439,675,24907,,,,
1416531130.33507,pg_catalog,pg_statistic,0,0,97731,93731,875,2318,812,1851,464,46,8912,91821,1082,210163,23322,91721,1303,127461
1416531130.33507,pg_toast,pg_toast_12703,0,0,0,0,0,0,0,0,0,0,0,0,0,0,,,,
1416531130.33507,information_schema,sql_packages,0,0,,,0,0,0,0,0,0,0,0,,,0,0,0,0
1416531130.33507,information_schema,sql_sizing_profiles,0,0,,,0,0,0,0,0,0,0,0,,,0,0,0,0
1416531130.33507,pg_catalog,pg_aggregate,0,0,9543,9543,0,0,0,0,0,0,650,8893,1499,15139,,,,
1416531130.33507,pg_catalog,pg_inherits,0,0,558,0,0,0,0,0,0,0,0,0,298,260,,,,
1416531130.33507,pg_catalog,pg_enum,0,0,0,0,0,0,0,0,0,0,0,0,0,0,,,,
1416531130.33507,pg_toast,pg_toast_2396,0,0,0,0,0,0,0,0,0,0,0,0,0,0,,,,
1416531130.33507,pg_catalog,pg_pltemplate,0,0,0,0,0,0,0,0,0,0,0,0,0,0,,,,
1416531130.33507,pg_toast,pg_toast_2618,0,0,1880,6002,0,0,0,0,0,0,1186,1121,338,2696,,,,
1416531130.33507,pg_toast,pg_toast_3596,0,0,0,0,0,0,0,0,0,0,0,0,0,0,,,,
1416531130.33507,information_schema,sql_features,0,0,,,0,0,0,0,0,0,0,0,,,0,0,0,0
1416531130.33507,pg_toast,pg_toast_2606,0,0,0,0,0,0,0,0,0,0,0,0,0,0,,,,
1416531130.33507,public,supplier,11,700000,3320080,3420008,100000,0,0,0,100000,0,11799,3342288,847,6657095,,,,
1416531130.33507,pg_toast,pg_toast_12723,0,0,0,0,0,0,0,0,0,0,0,0,0,0,,,,
1416531130.33507,pg_toast,pg_toast_2964,0,0,0,0,0,0,0,0,0,0,0,0,0,0,,,,
1416531130.33507,pg_catalog,pg_database,1173,4440,59960,59958,1,0,0,0,1,0,127,61005,876,96226,,,,
1416531130.33507,public,orders,16,150090000,5195125,8609563,15015000,0,0,0,15015000,0,1876602,7612326,94508,15664229,,,,
1416531130.33507,information_schema,sql_sizing,0,0,,,0,0,0,0,0,0,0,0,,,0,0,0,0
1416531130.33507,public,lineitem,17,780057144,4212625,96098439,60045669,0,0,0,60045728,0,17134507,25476032,1115178,17471025,,,,
1416531130.33507,pg_toast,pg_toast_2620,0,0,0,0,0,0,0,0,0,0,0,0,0,0,,,,
1416531130.33507,pg_catalog,pg_depend,0,0,23460,25204,4346,0,4256,0,7107,1227,4340,28866,6451,60378,,,,
1416531130.33507,pg_catalog,pg_language,0,0,0,0,0,0,0,0,0,0,0,0,0,0,,,,
1416531130.33507,pg_catalog,pg_amproc,252,504,83717,202477,0,0,0,0,0,0,1160,82056,754,184891,,,,
1416531130.33507,pg_catalog,pg_collation,0,0,0,0,0,0,0,0,0,0,0,0,0,0,,,,
1416531130.33507,pg_toast,pg_toast_12708,0,0,0,0,0,0,0,0,0,0,0,0,0,0,,,,
1416531130.33507,pg_catalog,pg_range,0,0,4292,0,0,0,0,0,0,0,0,0,1509,7075,,,,
1416531130.33507,pg_toast,pg_toast_2609,0,0,0,0,0,0,0,0,0,0,0,0,0,0,,,,
1416531130.33507,pg_catalog,pg_opclass,252,252,113518,1224088,0,0,0,0,0,0,678,487820,1569,137777,,,,
1416531130.33507,pg_catalog,pg_rewrite,0,0,4442,3524,306,0,306,0,110,5,2347,3728,1049,6517,1186,1121,676,5392
1416531130.33507,pg_toast,pg_toast_1255,0,0,0,0,0,0,0,0,0,0,0,0,0,0,,,,
1416531130.33507,pg_catalog,pg_seclabel,0,0,2482,0,0,0,0,0,0,0,0,0,270,2212,0,0,0,0
1416531130.33507,pg_catalog,pg_ts_parser,0,0,0,0,0,0,0,0,0,0,0,0,0,0,,,,
1416531130.33507,pg_catalog,pg_trigger,0,0,0,0,0,0,0,0,0,0,0,0,0,0,0,0,0,0
1416531130.33507,pg_catalog,pg_shseclabel,0,0,0,0,0,0,0,0,0,0,0,0,0,0,,,,
1416531130.33507,pg_catalog,pg_event_trigger,0,0,986,0,0,0,0,0,0,0,0,0,287,699,,,,
1416531130.33507,public,region,6533,32640,16,16,5,0,0,0,5,0,4,6542,8,14,,,,
1416531130.33507,pg_catalog,pg_foreign_table,0,0,0,0,0,0,0,0,0,0,0,0,0,0,,,,
1416531130.33507,pg_catalog,pg_extension,0,0,0,0,0,0,0,0,0,0,0,0,0,0,,,,
1416531130.33507,pg_catalog,pg_ts_config,0,0,0,0,0,0,0,0,0,0,0,0,0,0,,,,
1416531130.33507,pg_catalog,pg_shdescription,0,0,0,0,0,0,0,0,0,0,0,0,0,0,0,0,0,0
1416531130.33507,pg_catalog,pg_cast,0,0,601086,142538,0,0,0,0,0,0,689,141849,445,617887,,,,
1416531130.33507,pg_catalog,pg_amop,0,0,154280,271894,0,0,0,0,0,0,1208,260095,2708,327020,,,,
1416531130.33507,pg_catalog,pg_user_mapping,0,0,0,0,0,0,0,0,0,0,0,0,0,0,,,,
1416531130.33507,pg_catalog,pg_type,0,0,425910,421702,1125,0,1106,0,360,43,2607,423939,4069,875432,,,,
1416531130.33507,information_schema,sql_parts,0,0,,,0,0,0,0,0,0,0,0,,,0,0,0,0
1416531130.33507,pg_catalog,pg_largeobject,0,0,0,0,0,0,0,0,0,0,0,0,0,0,,,,
1416531130.33507,public,nation,24,325,26177,26201,25,0,0,0,25,0,5,26187,12,26183,,,,
1416531130.33507,pg_catalog,pg_ts_config_map,0,0,0,0,0,0,0,0,0,0,0,0,0,0,,,,
1416531130.33507,pg_catalog,pg_largeobject_metadata,0,0,0,0,0,0,0,0,0,0,0,0,0,0,,,,
1416531130.33507,pg_catalog,pg_am,22955,22955,0,0,0,0,0,0,0,0,222,22733,0,0,,,,
1416531130.33507,pg_toast,pg_toast_12718,0,0,0,0,0,0,0,0,0,0,0,0,0,0,,,,
1416531130.33507,pg_catalog,pg_ts_template,0,0,0,0,0,0,0,0,0,0,0,0,0,0,,,,
1416531130.33507,pg_catalog,pg_foreign_server,0,0,0,0,0,0,0,0,0,0,0,0,0,0,,,,
1416531130.33507,pg_catalog,pg_namespace,822,19726,96694,78832,36,0,0,0,36,0,256,79489,1138,114813,,,,
1416531130.33507,pg_toast,pg_toast_2619,0,0,68996,234742,3188,0,2938,0,260,12,23322,91721,1303,127461,,,,
1416531130.33507,pg_catalog,pg_authid,447,447,35853,35853,0,0,0,0,0,0,197,36103,925,70781,,,,
1416531130.33507,public,part,10,16000000,78,2368288,2000000,0,0,0,2000000,0,199593,409573,7920,749,,,,
1416531130.33507,pg_catalog,pg_default_acl,0,0,2272,0,0,0,0,0,0,0,0,0,258,2014,,,,
1416531130.33507,pg_catalog,pg_shdepend,0,0,3088,605,0,0,0,0,0,0,286,319,1141,3075,,,,
1416531130.33507,pg_catalog,pg_constraint,0,0,168,80,88,0,80,0,10,24,49,478,88,868,0,0,0,0
1416531130.33507,public,customer,14,15000000,81,1472290,1500000,0,0,0,1500000,0,196532,704373,4443,232,,,,
1416531130.33507,pg_catalog,pg_index,2698,255437,194068,278576,460,0,432,0,143,0,2127,266731,1325,222062,,,,
1416531130.33507,pg_catalog,pg_ts_dict,0,0,0,0,0,0,0,0,0,0,0,0,0,0,,,,
1416531130.33507,pg_toast,pg_toast_2604,0,0,0,0,0,0,0,0,0,0,0,0,0,0,,,,
1416531130.33507,pg_catalog,pg_proc,0,0,156985,233175,0,0,0,0,0,0,15121,154446,6249,341661,0,0,0,0
